,article,timestamp,views
0,Louvre,2015070100,2467
1,Louvre,2015070200,2407
2,Louvre,2015070300,2171
3,Louvre,2015070400,2042
4,Louvre,2015070500,2310
5,Louvre,2015070600,2296
6,Louvre,2015070700,2302
7,Louvre,2015070800,2451
8,Louvre,2015070900,2306
9,Louvre,2015071000,2215
10,Louvre,2015071100,2014
11,Louvre,2015071200,2402
12,Louvre,2015071300,2521
13,Louvre,2015071400,2543
14,Louvre,2015071500,2318
15,Louvre,2015071600,2267
16,Louvre,2015071700,2039
17,Louvre,2015071800,1988
18,Louvre,2015071900,2225
19,Louvre,2015072000,2298
20,Louvre,2015072100,2155
21,Louvre,2015072200,2275
22,Louvre,2015072300,2226
23,Louvre,2015072400,2018
24,Louvre,2015072500,1870
25,Louvre,2015072600,3097
26,Louvre,2015072700,2727
27,Louvre,2015072800,2274
28,Louvre,2015072900,2245
29,Louvre,2015073000,2189
30,Louvre,2015073100,1946
31,Louvre,2015080100,1937
32,Louvre,2015080200,2158
33,Louvre,2015080300,1942
34,Louvre,2015080400,2218
35,Louvre,2015080500,2209
36,Louvre,2015080600,2233
37,Louvre,2015080700,1993
38,Louvre,2015080800,1897
39,Louvre,2015080900,2105
40,Louvre,2015081000,15868
41,Louvre,2015081100,2558
42,Louvre,2015081200,2736
43,Louvre,2015081300,2287
44,Louvre,2015081400,2030
45,Louvre,2015081500,1929
46,Louvre,2015081600,2116
47,Louvre,2015081700,2395
48,Louvre,2015081800,2440
49,Louvre,2015081900,2612
50,Louvre,2015082000,2770
51,Louvre,2015082100,2571
52,Louvre,2015082200,2257
53,Louvre,2015082300,2285
54,Louvre,2015082400,2470
55,Louvre,2015082500,2445
56,Louvre,2015082600,2500
57,Louvre,2015082700,2532
58,Louvre,2015082800,2025
59,Louvre,2015082900,1975
60,Louvre,2015083000,2175
61,Louvre,2015083100,2432
62,Louvre,2015090100,2291
63,Louvre,2015090200,2353
64,Louvre,2015090300,2283
65,Louvre,2015090400,2175
66,Louvre,2015090500,1867
67,Louvre,2015090600,2279
68,Louvre,2015090700,2659
69,Louvre,2015090800,2745
70,Louvre,2015090900,2746
71,Louvre,2015091000,2637
72,Louvre,2015091100,2346
73,Louvre,2015091200,2052
74,Louvre,2015091300,2552
75,Louvre,2015091400,2779
76,Louvre,2015091500,2664
77,Louvre,2015091600,2751
78,Louvre,2015091700,2807
79,Louvre,2015091800,2464
80,Louvre,2015091900,2026
81,Louvre,2015092000,2388
82,Louvre,2015092100,2702
83,Louvre,2015092200,2656
84,Louvre,2015092300,2595
85,Louvre,2015092400,2485
86,Louvre,2015092500,2306
87,Louvre,2015092600,1770
88,Louvre,2015092700,2316
89,Louvre,2015092800,2761
90,Louvre,2015092900,2499
91,Louvre,2015093000,2730
92,Louvre,2015100100,2482
93,Louvre,2015100200,2264
94,Louvre,2015100300,1987
95,Louvre,2015100400,2614
96,Louvre,2015100500,2921
97,Louvre,2015100600,2740
98,Louvre,2015100700,2977
99,Louvre,2015100800,2685
100,Louvre,2015100900,3408
101,Louvre,2015101000,2565
102,Louvre,2015101100,3435
103,Louvre,2015101200,2955
104,Louvre,2015101300,3013
105,Louvre,2015101400,2868
106,Louvre,2015101500,3370
107,Louvre,2015101600,2426
108,Louvre,2015101700,2120
109,Louvre,2015101800,2579
110,Louvre,2015101900,2902
111,Louvre,2015102000,2851
112,Louvre,2015102100,3024
113,Louvre,2015102200,3031
114,Louvre,2015102300,2587
115,Louvre,2015102400,2071
116,Louvre,2015102500,2675
117,Louvre,2015102600,2995
118,Louvre,2015102700,2911
119,Louvre,2015102800,2985
120,Louvre,2015102900,2782
121,Louvre,2015103000,2468
122,Louvre,2015103100,2094
123,Louvre,2015110100,2578
124,Louvre,2015110200,2982
125,Louvre,2015110300,3042
126,Louvre,2015110400,3119
127,Louvre,2015110500,3156
128,Louvre,2015110600,2728
129,Louvre,2015110700,2189
130,Louvre,2015110800,3261
131,Louvre,2015110900,3364
132,Louvre,2015111000,3176
133,Louvre,2015111100,3151
134,Louvre,2015111200,3008
135,Louvre,2015111300,3061
136,Louvre,2015111400,5156
137,Louvre,2015111500,4452
138,Louvre,2015111600,4213
139,Louvre,2015111700,3805
140,Louvre,2015111800,3699
141,Louvre,2015111900,3301
142,Louvre,2015112000,2552
143,Louvre,2015112100,2084
144,Louvre,2015112200,2987
145,Louvre,2015112300,3210
146,Louvre,2015112400,2923
147,Louvre,2015112500,2738
148,Louvre,2015112600,2294
149,Louvre,2015112700,2099
150,Louvre,2015112800,2155
151,Louvre,2015112900,2519
152,Louvre,2015113000,2910
153,Louvre,2015120100,2822
154,Louvre,2015120200,2784
155,Louvre,2015120300,2814
156,Louvre,2015120400,2279
157,Louvre,2015120500,1750
158,Louvre,2015120600,2433
159,Louvre,2015120700,2859
160,Louvre,2015120800,3982
161,Louvre,2015120900,5205
162,Louvre,2015121000,3202
163,Louvre,2015121100,2581
164,Louvre,2015121200,1999
165,Louvre,2015121300,2456
166,Louvre,2015121400,2920
167,Louvre,2015121500,2803
168,Louvre,2015121600,2600
169,Louvre,2015121700,2525
170,Louvre,2015121800,2128
171,Louvre,2015121900,1617
172,Louvre,2015122000,1779
173,Louvre,2015122100,2017
174,Louvre,2015122200,1713
175,Louvre,2015122300,1758
176,Louvre,2015122400,1544
177,Louvre,2015122500,1532
178,Louvre,2015122600,1946
179,Louvre,2015122700,1956
180,Louvre,2015122800,2130
181,Louvre,2015122900,1945
182,Louvre,2015123000,2774
183,Louvre,2015123100,1689
184,Louvre,2016010100,1733
185,Louvre,2016010200,2176
186,Louvre,2016010300,2568
187,Louvre,2016010400,2484
188,Louvre,2016010500,2585
189,Louvre,2016010600,2636
190,Louvre,2016010700,2669
191,Louvre,2016010800,2312
192,Louvre,2016010900,1896
193,Louvre,2016011000,2591
194,Louvre,2016011100,2626
195,Louvre,2016011200,4051
196,Louvre,2016011300,2768
197,Louvre,2016011400,2615
198,Louvre,2016011500,2553
199,Louvre,2016011600,2045
200,Louvre,2016011700,2372
201,Louvre,2016011800,2616
202,Louvre,2016011900,2771
203,Louvre,2016012000,2620
204,Louvre,2016012100,2742
205,Louvre,2016012200,2539
206,Louvre,2016012300,2024
207,Louvre,2016012400,2551
208,Louvre,2016012500,2839
209,Louvre,2016012600,3772
210,Louvre,2016012700,2874
211,Louvre,2016012800,2878
212,Louvre,2016012900,2144
213,Louvre,2016013000,1904
214,Louvre,2016013100,2468
215,Louvre,2016020100,2863
216,Louvre,2016020200,2672
217,Louvre,2016020300,2508
218,Louvre,2016020400,2560
219,Louvre,2016020500,2296
220,Louvre,2016020600,2081
221,Louvre,2016020700,2418
222,Louvre,2016020800,2588
223,Louvre,2016020900,2477
224,Louvre,2016021000,2606
225,Louvre,2016021100,2780
226,Louvre,2016021200,2259
227,Louvre,2016021300,1969
228,Louvre,2016021400,2258
229,Louvre,2016021500,2735
230,Louvre,2016021600,2565
231,Louvre,2016021700,2907
232,Louvre,2016021800,2788
233,Louvre,2016021900,2573
234,Louvre,2016022000,2370
235,Louvre,2016022100,2542
236,Louvre,2016022200,3128
237,Louvre,2016022300,2896
238,Louvre,2016022400,2858
239,Louvre,2016022500,2780
240,Louvre,2016022600,2356
241,Louvre,2016022700,1838
242,Louvre,2016022800,2520
243,Louvre,2016022900,2953
244,Louvre,2016030100,2771
245,Louvre,2016030200,2865
246,Louvre,2016030300,2635
247,Louvre,2016030400,2440
248,Louvre,2016030500,1984
249,Louvre,2016030600,2653
250,Louvre,2016030700,3059
251,Louvre,2016030800,2774
252,Louvre,2016030900,2926
253,Louvre,2016031000,2784
254,Louvre,2016031100,2272
255,Louvre,2016031200,1890
256,Louvre,2016031300,2517
257,Louvre,2016031400,3110
258,Louvre,2016031500,3076
259,Louvre,2016031600,2860
260,Louvre,2016031700,2582
261,Louvre,2016031800,2338
262,Louvre,2016031900,1854
263,Louvre,2016032000,2604
264,Louvre,2016032100,2929
265,Louvre,2016032200,2677
266,Louvre,2016032300,2473
267,Louvre,2016032400,2242
268,Louvre,2016032500,2034
269,Louvre,2016032600,1971
270,Louvre,2016032700,2168
271,Louvre,2016032800,2563
272,Louvre,2016032900,2685
273,Louvre,2016033000,2644
274,Louvre,2016033100,2383
275,Louvre,2016040100,2035
276,Louvre,2016040200,1931
277,Louvre,2016040300,2407
278,Louvre,2016040400,2766
279,Louvre,2016040500,2701
280,Louvre,2016040600,2758
281,Louvre,2016040700,3018
282,Louvre,2016040800,2748
283,Louvre,2016040900,2159
284,Louvre,2016041000,2702
285,Louvre,2016041100,2989
286,Louvre,2016041200,2813
287,Louvre,2016041300,3009
288,Louvre,2016041400,2795
289,Louvre,2016041500,2643
290,Louvre,2016041600,2048
291,Louvre,2016041700,2637
292,Louvre,2016041800,3041
293,Louvre,2016041900,2944
294,Louvre,2016042000,3022
295,Louvre,2016042100,3013
296,Louvre,2016042200,2584
297,Louvre,2016042300,2199
298,Louvre,2016042400,2708
299,Louvre,2016042500,3326
300,Louvre,2016042600,3163
301,Louvre,2016042700,3132
302,Louvre,2016042800,3082
303,Louvre,2016042900,2563
304,Louvre,2016043000,2025
305,Louvre,2016050100,2681
306,Louvre,2016050200,2924
307,Louvre,2016050300,2900
308,Louvre,2016050400,2988
309,Louvre,2016050500,2672
310,Louvre,2016050600,2507
311,Louvre,2016050700,2053
312,Louvre,2016050800,2520
313,Louvre,2016050900,3202
314,Louvre,2016051000,3315
315,Louvre,2016051100,3301
316,Louvre,2016051200,3323
317,Louvre,2016051300,2690
318,Louvre,2016051400,2175
319,Louvre,2016051500,2805
320,Louvre,2016051600,3481
321,Louvre,2016051700,3274
322,Louvre,2016051800,3643
323,Louvre,2016051900,3345
324,Louvre,2016052000,3051
325,Louvre,2016052100,2480
326,Louvre,2016052200,3172
327,Louvre,2016052300,3527
328,Louvre,2016052400,3367
329,Louvre,2016052500,3451
330,Louvre,2016052600,3370
331,Louvre,2016052700,2958
332,Louvre,2016052800,2517
333,Louvre,2016052900,2956
334,Louvre,2016053000,3251
335,Louvre,2016053100,2993
336,Louvre,2016060100,3201
337,Louvre,2016060200,4275
338,Louvre,2016060300,5676
339,Louvre,2016060400,4361
340,Louvre,2016060500,3505
341,Louvre,2016060600,3474
342,Louvre,2016060700,3468
343,Louvre,2016060800,3458
344,Louvre,2016060900,3114
345,Louvre,2016061000,2790
346,Louvre,2016061100,2884
347,Louvre,2016061200,2777
348,Louvre,2016061300,3066
349,Louvre,2016061400,2977
350,Louvre,2016061500,3292
351,Louvre,2016061600,2967
352,Louvre,2016061700,2619
353,Louvre,2016061800,2506
354,Louvre,2016061900,2786
355,Louvre,2016062000,2898
356,Louvre,2016062100,2811
357,Louvre,2016062200,2821
358,Louvre,2016062300,2695
359,Louvre,2016062400,2296
360,Louvre,2016062500,2133
361,Louvre,2016062600,2739
362,Louvre,2016062700,2743
363,Louvre,2016062800,2546
364,Louvre,2016062900,2615
365,Louvre,2016063000,3399
366,Louvre,2016070100,2377
367,Louvre,2016070200,2261
368,Louvre,2016070300,2829
369,Louvre,2016070400,2697
370,Louvre,2016070500,2431
371,Louvre,2016070600,2550
372,Louvre,2016070700,2475
373,Louvre,2016070800,2157
374,Louvre,2016070900,2195
375,Louvre,2016071000,2537
376,Louvre,2016071100,2490
377,Louvre,2016071200,2359
378,Louvre,2016071300,2566
379,Louvre,2016071400,2456
380,Louvre,2016071500,2211
381,Louvre,2016071600,2005
382,Louvre,2016071700,2218
383,Louvre,2016071800,2283
384,Louvre,2016071900,2104
385,Louvre,2016072000,2173
386,Louvre,2016072100,2039
387,Louvre,2016072200,1939
388,Louvre,2016072300,1825
389,Louvre,2016072400,2818
390,Louvre,2016072500,2412
391,Louvre,2016072600,2081
392,Louvre,2016072700,2153
393,Louvre,2016072800,2036
394,Louvre,2016072900,1931
395,Louvre,2016073000,1868
396,Louvre,2016073100,2269
397,Louvre,2016080100,2232
398,Louvre,2016080200,2120
399,Louvre,2016080300,2248
400,Louvre,2016080400,2088
401,Louvre,2016080500,1921
402,Louvre,2016080600,1744
403,Louvre,2016080700,2053
404,Louvre,2016080800,2097
405,Louvre,2016080900,2000
406,Louvre,2016081000,8156
407,Louvre,2016081100,3246
408,Louvre,2016081200,2020
409,Louvre,2016081300,1854
410,Louvre,2016081400,2025
411,Louvre,2016081500,2160
412,Louvre,2016081600,2055
413,Louvre,2016081700,2165
414,Louvre,2016081800,2146
415,Louvre,2016081900,2040
416,Louvre,2016082000,1779
417,Louvre,2016082100,2282
418,Louvre,2016082200,2360
419,Louvre,2016082300,2332
420,Louvre,2016082400,2223
421,Louvre,2016082500,2324
422,Louvre,2016082600,2010
423,Louvre,2016082700,2014
424,Louvre,2016082800,2374
425,Louvre,2016082900,2534
426,Louvre,2016083000,2456
427,Louvre,2016083100,2481
428,Louvre,2016090100,2291
429,Louvre,2016090200,2184
430,Louvre,2016090300,1964
431,Louvre,2016090400,2515
432,Louvre,2016090500,2485
433,Louvre,2016090600,2525
434,Louvre,2016090700,2760
435,Louvre,2016090800,2802
436,Louvre,2016090900,2469
437,Louvre,2016091000,2078
438,Louvre,2016091100,2660
439,Louvre,2016091200,2732
440,Louvre,2016091300,2851
441,Louvre,2016091400,2987
442,Louvre,2016091500,2869
443,Louvre,2016091600,2535
444,Louvre,2016091700,2191
445,Louvre,2016091800,2660
446,Louvre,2016091900,2970
447,Louvre,2016092000,2912
448,Louvre,2016092100,2889
449,Louvre,2016092200,3145
450,Louvre,2016092300,2481
451,Louvre,2016092400,2193
452,Louvre,2016092500,2638
453,Louvre,2016092600,2940
454,Louvre,2016092700,2664
455,Louvre,2016092800,2945
456,Louvre,2016092900,2936
457,Louvre,2016093000,2662
458,Louvre,2016100100,2092
459,Louvre,2016100200,2589
460,Louvre,2016100300,3082
461,Louvre,2016100400,2717
462,Louvre,2016100500,2905
463,Louvre,2016100600,2658
464,Louvre,2016100700,2310
465,Louvre,2016100800,2162
466,Louvre,2016100900,3011
467,Louvre,2016101000,2827
468,Louvre,2016101100,2685
469,Louvre,2016101200,2865
470,Louvre,2016101300,2913
471,Louvre,2016101400,2638
472,Louvre,2016101500,2395
473,Louvre,2016101600,2855
474,Louvre,2016101700,5058
475,Louvre,2016101800,4497
476,Louvre,2016101900,3449
477,Louvre,2016102000,3192
478,Louvre,2016102100,2615
479,Louvre,2016102200,2332
480,Louvre,2016102300,2810
481,Louvre,2016102400,3438
482,Louvre,2016102500,2935
483,Louvre,2016102600,3216
484,Louvre,2016102700,2756
485,Louvre,2016102800,2448
486,Louvre,2016102900,2065
487,Louvre,2016103000,2485
488,Louvre,2016103100,2768
489,Louvre,2016110100,2746
490,Louvre,2016110200,2945
491,Louvre,2016110300,2808
492,Louvre,2016110400,2534
493,Louvre,2016110500,2450
494,Louvre,2016110600,2738
495,Louvre,2016110700,3348
496,Louvre,2016110800,3090
497,Louvre,2016110900,2857
498,Louvre,2016111000,2754
499,Louvre,2016111100,2310
500,Louvre,2016111200,2234
501,Louvre,2016111300,2727
502,Louvre,2016111400,3123
503,Louvre,2016111500,2875
504,Louvre,2016111600,3150
505,Louvre,2016111700,3104
506,Louvre,2016111800,2634
507,Louvre,2016111900,2085
508,Louvre,2016112000,3010
509,Louvre,2016112100,3262
510,Louvre,2016112200,2736
511,Louvre,2016112300,2589
512,Louvre,2016112400,2402
513,Louvre,2016112500,2260
514,Louvre,2016112600,2241
515,Louvre,2016112700,2842
516,Louvre,2016112800,3105
517,Louvre,2016112900,2866
518,Louvre,2016113000,3757
519,Louvre,2016120100,2870
520,Louvre,2016120200,2534
521,Louvre,2016120300,2375
522,Louvre,2016120400,2930
523,Louvre,2016120500,3169
524,Louvre,2016120600,2829
525,Louvre,2016120700,2848
526,Louvre,2016120800,2668
527,Louvre,2016120900,2568
528,Louvre,2016121000,2069
529,Louvre,2016121100,2560
530,Louvre,2016121200,2785
531,Louvre,2016121300,2712
532,Louvre,2016121400,2605
533,Louvre,2016121500,2503
534,Louvre,2016121600,2317
535,Louvre,2016121700,2043
536,Louvre,2016121800,2375
537,Louvre,2016121900,3169
538,Louvre,2016122000,2415
539,Louvre,2016122100,2234
540,Louvre,2016122200,2186
541,Louvre,2016122300,1954
542,Louvre,2016122400,1650
543,Louvre,2016122500,1762
544,Louvre,2016122600,2121
545,Louvre,2016122700,2036
546,Louvre,2016122800,2330
547,Louvre,2016122900,2475
548,Louvre,2016123000,2343
549,Louvre,2016123100,2602
550,Louvre,2017010100,1992
551,Louvre,2017010200,2602
552,Louvre,2017010300,2468
553,Louvre,2017010400,2712
554,Louvre,2017010500,2722
555,Louvre,2017010600,2675
556,Louvre,2017010700,2861
557,Louvre,2017010800,3315
558,Louvre,2017010900,2849
559,Louvre,2017011000,2717
560,Louvre,2017011100,2937
561,Louvre,2017011200,2847
562,Louvre,2017011300,2513
563,Louvre,2017011400,2420
564,Louvre,2017011500,2861
565,Louvre,2017011600,2869
566,Louvre,2017011700,2895
567,Louvre,2017011800,3112
568,Louvre,2017011900,3012
569,Louvre,2017012000,2503
570,Louvre,2017012100,2021
571,Louvre,2017012200,2411
572,Louvre,2017012300,2860
573,Louvre,2017012400,2904
574,Louvre,2017012500,2895
575,Louvre,2017012600,2798
576,Louvre,2017012700,2484
577,Louvre,2017012800,2385
578,Louvre,2017012900,2880
579,Louvre,2017013000,2887
580,Louvre,2017013100,2983
581,Louvre,2017020100,3011
582,Louvre,2017020200,2692
583,Louvre,2017020300,14168
584,Louvre,2017020400,6745
585,Louvre,2017020500,4706
586,Louvre,2017020600,3937
587,Louvre,2017020700,3385
588,Louvre,2017020800,3516
589,Louvre,2017020900,3356
590,Louvre,2017021000,2819
591,Louvre,2017021100,2541
592,Louvre,2017021200,3108
593,Louvre,2017021300,3098
594,Louvre,2017021400,2941
595,Louvre,2017021500,3016
596,Louvre,2017021600,2962
597,Louvre,2017021700,2430
598,Louvre,2017021800,2320
599,Louvre,2017021900,2815
600,Louvre,2017022000,3101
601,Louvre,2017022100,3178
602,Louvre,2017022200,3241
603,Louvre,2017022300,3088
604,Louvre,2017022400,2663
605,Louvre,2017022500,2356
606,Louvre,2017022600,2980
607,Louvre,2017022700,3251
608,Louvre,2017022800,2994
609,Louvre,2017030100,3567
610,Louvre,2017030200,3136
611,Louvre,2017030300,2637
612,Louvre,2017030400,2470
613,Louvre,2017030500,3012
614,Louvre,2017030600,3157
615,Louvre,2017030700,3054
616,Louvre,2017030800,3136
617,Louvre,2017030900,3124
618,Louvre,2017031000,2657
619,Louvre,2017031100,2339
620,Louvre,2017031200,2928
621,Louvre,2017031300,3140
622,Louvre,2017031400,3045
623,Louvre,2017031500,3008
624,Louvre,2017031600,2794
625,Louvre,2017031700,3743
626,Louvre,2017031800,2603
627,Louvre,2017031900,3070
628,Louvre,2017032000,3012
629,Louvre,2017032100,3008
630,Louvre,2017032200,3145
631,Louvre,2017032300,3129
632,Louvre,2017032400,2707
633,Louvre,2017032500,2334
634,Louvre,2017032600,2756
635,Louvre,2017032700,3263
636,Louvre,2017032800,2993
637,Louvre,2017032900,3065
638,Louvre,2017033000,2997
639,Louvre,2017033100,2665
640,Louvre,2017040100,2270
641,Louvre,2017040200,2726
642,Louvre,2017040300,3143
643,Louvre,2017040400,3398
644,Louvre,2017040500,2994
645,Louvre,2017040600,2933
646,Louvre,2017040700,2377
647,Louvre,2017040800,2250
648,Louvre,2017040900,2516
649,Louvre,2017041000,2790
650,Louvre,2017041100,2619
651,Louvre,2017041200,2977
652,Louvre,2017041300,2711
653,Louvre,2017041400,2406
654,Louvre,2017041500,2294
655,Louvre,2017041600,2586
656,Louvre,2017041700,2797
657,Louvre,2017041800,2890
658,Louvre,2017041900,3016
659,Louvre,2017042000,3148
660,Louvre,2017042100,2675
661,Louvre,2017042200,2368
662,Louvre,2017042300,2674
663,Louvre,2017042400,3055
664,Louvre,2017042500,3122
665,Louvre,2017042600,3575
666,Louvre,2017042700,3136
667,Louvre,2017042800,2593
668,Louvre,2017042900,2132
669,Louvre,2017043000,2699
670,Louvre,2017050100,2813
671,Louvre,2017050200,3048
672,Louvre,2017050300,3207
673,Louvre,2017050400,2992
674,Louvre,2017050500,2793
675,Louvre,2017050600,2475
676,Louvre,2017050700,6001
677,Louvre,2017050800,4955
678,Louvre,2017050900,3665
679,Louvre,2017051000,3411
680,Louvre,2017051100,3270
681,Louvre,2017051200,2810
682,Louvre,2017051300,2390
683,Louvre,2017051400,2613
684,Louvre,2017051500,3240
685,Louvre,2017051600,3281
686,Louvre,2017051700,3280
687,Louvre,2017051800,3165
688,Louvre,2017051900,2835
689,Louvre,2017052000,2466
690,Louvre,2017052100,2613
691,Louvre,2017052200,3360
692,Louvre,2017052300,3051
693,Louvre,2017052400,3176
694,Louvre,2017052500,3504
695,Louvre,2017052600,2830
696,Louvre,2017052700,2314
697,Louvre,2017052800,2657
698,Louvre,2017052900,2793
699,Louvre,2017053000,2945
700,Louvre,2017053100,3116
701,Louvre,2017060100,3035
702,Louvre,2017060200,3867
703,Louvre,2017060300,3437
704,Louvre,2017060400,4272
705,Louvre,2017060500,4365
706,Louvre,2017060600,4088
707,Louvre,2017060700,4016
708,Louvre,2017060800,3306
709,Louvre,2017060900,2879
710,Louvre,2017061000,2485
711,Louvre,2017061100,3058
712,Louvre,2017061200,3021
713,Louvre,2017061300,2888
714,Louvre,2017061400,2885
715,Louvre,2017061500,3046
716,Louvre,2017061600,2640
717,Louvre,2017061700,2647
718,Louvre,2017061800,2693
719,Louvre,2017061900,3204
720,Louvre,2017062000,2792
721,Louvre,2017062100,2673
722,Louvre,2017062200,2773
723,Louvre,2017062300,2607
724,Louvre,2017062400,2944
725,Louvre,2017062500,2623
726,Louvre,2017062600,2793
727,Louvre,2017062700,2410
728,Louvre,2017062800,2610
729,Louvre,2017062900,2641
730,Louvre,2017063000,2420
731,Louvre,2017070100,2295
732,Louvre,2017070200,2570
733,Louvre,2017070300,2657
734,Louvre,2017070400,2388
735,Louvre,2017070500,2837
736,Louvre,2017070600,2553
737,Louvre,2017070700,2379
738,Louvre,2017070800,2182
739,Louvre,2017070900,2834
740,Louvre,2017071000,2771
741,Louvre,2017071100,2423
742,Louvre,2017071200,2633
743,Louvre,2017071300,2591
744,Louvre,2017071400,2507
745,Louvre,2017071500,2518
746,Louvre,2017071600,2427
747,Louvre,2017071700,2486
748,Louvre,2017071800,2291
749,Louvre,2017071900,2482
750,Louvre,2017072000,2361
751,Louvre,2017072100,2302
752,Louvre,2017072200,2147
753,Louvre,2017072300,2618
754,Louvre,2017072400,2473
755,Louvre,2017072500,2347
756,Louvre,2017072600,2435
757,Louvre,2017072700,2332
758,Louvre,2017072800,2215
759,Louvre,2017072900,2048
760,Louvre,2017073000,2384
761,Louvre,2017073100,2264
762,Louvre,2017080100,2104
763,Louvre,2017080200,2410
764,Louvre,2017080300,2211
765,Louvre,2017080400,2140
766,Louvre,2017080500,2026
767,Louvre,2017080600,2158
768,Louvre,2017080700,2213
769,Louvre,2017080800,2110
770,Louvre,2017080900,2448
771,Louvre,2017081000,3034
772,Louvre,2017081100,2230
773,Louvre,2017081200,1983
774,Louvre,2017081300,2088
775,Louvre,2017081400,2143
776,Louvre,2017081500,2043
777,Louvre,2017081600,2304
778,Louvre,2017081700,2165
779,Louvre,2017081800,2021
780,Louvre,2017081900,1817
781,Louvre,2017082000,2084
782,Louvre,2017082100,4237
783,Louvre,2017082200,2252
784,Louvre,2017082300,2314
785,Louvre,2017082400,2112
786,Louvre,2017082500,1907
787,Louvre,2017082600,1694
788,Louvre,2017082700,1993
789,Louvre,2017082800,2007
790,Louvre,2017082900,2065
791,Louvre,2017083000,2316
792,Louvre,2017083100,2233
793,Louvre,2017090100,2179
794,Louvre,2017090200,1927
795,Louvre,2017090300,2172
796,Louvre,2017090400,2308
797,Louvre,2017090500,2247
798,Louvre,2017090600,2689
799,Louvre,2017090700,2759
800,Louvre,2017090800,2336
801,Louvre,2017090900,2049
802,Louvre,2017091000,2303
803,Louvre,2017091100,2558
804,Louvre,2017091200,2522
805,Louvre,2017091300,2680
806,Louvre,2017091400,2769
807,Louvre,2017091500,2556
808,Louvre,2017091600,2386
809,Louvre,2017091700,2496
810,Louvre,2017091800,2831
811,Louvre,2017091900,4866
812,Louvre,2017092000,2892
813,Louvre,2017092100,2600
814,Louvre,2017092200,2413
815,Louvre,2017092300,2189
816,Louvre,2017092400,2667
817,Louvre,2017092500,2754
818,Louvre,2017092600,2692
819,Louvre,2017092700,2870
820,Louvre,2017092800,2657
821,Louvre,2017092900,2655
822,Louvre,2017093000,2201
823,Louvre,2017100100,2631
824,Louvre,2017100200,2812
825,Louvre,2017100300,2671
826,Louvre,2017100400,2893
827,Louvre,2017100500,2652
828,Louvre,2017100600,2498
829,Louvre,2017100700,2209
830,Louvre,2017100800,2694
831,Louvre,2017100900,2695
832,Louvre,2017101000,2638
833,Louvre,2017101100,2904
834,Louvre,2017101200,2749
835,Louvre,2017101300,2499
836,Louvre,2017101400,2259
837,Louvre,2017101500,2737
838,Louvre,2017101600,2892
839,Louvre,2017101700,2640
840,Louvre,2017101800,2759
841,Louvre,2017101900,2810
842,Louvre,2017102000,2326
843,Louvre,2017102100,2200
844,Louvre,2017102200,2565
845,Louvre,2017102300,3027
846,Louvre,2017102400,2845
847,Louvre,2017102500,2875
848,Louvre,2017102600,2684
849,Louvre,2017102700,2247
850,Louvre,2017102800,2046
851,Louvre,2017102900,2539
852,Louvre,2017103000,2773
853,Louvre,2017103100,2476
854,Louvre,2017110100,2780
855,Louvre,2017110200,2704
856,Louvre,2017110300,3624
857,Louvre,2017110400,2486
858,Louvre,2017110500,2656
859,Louvre,2017110600,3117
860,Louvre,2017110700,3452
861,Louvre,2017110800,4433
862,Louvre,2017110900,3966
863,Louvre,2017111000,3142
864,Louvre,2017111100,3034
865,Louvre,2017111200,3546
866,Louvre,2017111300,3449
867,Louvre,2017111400,3293
868,Louvre,2017111500,3302
869,Louvre,2017111600,4995
870,Louvre,2017111700,3478
871,Louvre,2017111800,2830
872,Louvre,2017111900,3214
873,Louvre,2017112000,3580
874,Louvre,2017112100,3057
875,Louvre,2017112200,2946
876,Louvre,2017112300,2610
877,Louvre,2017112400,2492
878,Louvre,2017112500,2516
879,Louvre,2017112600,2987
880,Louvre,2017112700,3189
881,Louvre,2017112800,3146
882,Louvre,2017112900,3151
883,Louvre,2017113000,2937
884,Louvre,2017120100,2591
885,Louvre,2017120200,2164
886,Louvre,2017120300,2594
887,Louvre,2017120400,3017
888,Louvre,2017120500,3282
889,Louvre,2017120600,2956
890,Louvre,2017120700,3511
891,Louvre,2017120800,2756
892,Louvre,2017120900,2397
893,Louvre,2017121000,2742
894,Louvre,2017121100,3006
895,Louvre,2017121200,2933
896,Louvre,2017121300,2929
897,Louvre,2017121400,2770
898,Louvre,2017121500,2336
899,Louvre,2017121600,2125
900,Louvre,2017121700,2408
901,Louvre,2017121800,2709
902,Louvre,2017121900,2608
903,Louvre,2017122000,2404
904,Louvre,2017122100,2052
905,Louvre,2017122200,1773
906,Louvre,2017122300,1825
907,Louvre,2017122400,1740
908,Louvre,2017122500,1668
909,Louvre,2017122600,2129
910,Louvre,2017122700,2524
911,Louvre,2017122800,2317
912,Louvre,2017122900,2204
913,Louvre,2017123000,1876
914,Louvre,2017123100,1880
915,Louvre,2018010100,1836
916,Louvre,2018010200,2070
917,Louvre,2018010300,2254
918,Louvre,2018010400,2125
919,Louvre,2018010500,2092
920,Louvre,2018010600,2076
921,Louvre,2018010700,2239
922,Louvre,2018010800,2353
923,Louvre,2018010900,2423
924,Louvre,2018011000,2389
925,Louvre,2018011100,2319
926,Louvre,2018011200,2209
927,Louvre,2018011300,1836
928,Louvre,2018011400,2273
929,Louvre,2018011500,2533
930,Louvre,2018011600,2538
931,Louvre,2018011700,2695
932,Louvre,2018011800,2413
933,Louvre,2018011900,2255
934,Louvre,2018012000,1922
935,Louvre,2018012100,2194
936,Louvre,2018012200,2571
937,Louvre,2018012300,2972
938,Louvre,2018012400,2599
939,Louvre,2018012500,2723
940,Louvre,2018012600,2284
941,Louvre,2018012700,2197
942,Louvre,2018012800,2661
943,Louvre,2018012900,2937
944,Louvre,2018013000,2835
945,Louvre,2018013100,2600
946,Louvre,2018020100,2398
947,Louvre,2018020200,2208
948,Louvre,2018020300,2059
949,Louvre,2018020400,2295
950,Louvre,2018020500,2413
951,Louvre,2018020600,2559
952,Louvre,2018020700,2620
953,Louvre,2018020800,2464
954,Louvre,2018020900,2212
955,Louvre,2018021000,1928
956,Louvre,2018021100,2362
957,Louvre,2018021200,2553
958,Louvre,2018021300,2414
959,Louvre,2018021400,2561
960,Louvre,2018021500,2455
961,Louvre,2018021600,1949
962,Louvre,2018021700,2184
963,Louvre,2018021800,2435
964,Louvre,2018021900,2682
965,Louvre,2018022000,2760
966,Louvre,2018022100,2673
967,Louvre,2018022200,2620
968,Louvre,2018022300,2186
969,Louvre,2018022400,2095
970,Louvre,2018022500,2506
971,Louvre,2018022600,2806
972,Louvre,2018022700,2755
973,Louvre,2018022800,2563
974,Louvre,2018030100,2657
975,Louvre,2018030200,2524
976,Louvre,2018030300,2244
977,Louvre,2018030400,2611
978,Louvre,2018030500,2814
979,Louvre,2018030600,2744
980,Louvre,2018030700,2820
981,Louvre,2018030800,2592
982,Louvre,2018030900,2463
983,Louvre,2018031000,2223
984,Louvre,2018031100,2597
985,Louvre,2018031200,2890
986,Louvre,2018031300,2741
987,Louvre,2018031400,3233
988,Louvre,2018031500,3185
989,Louvre,2018031600,2608
990,Louvre,2018031700,2428
991,Louvre,2018031800,2658
992,Louvre,2018031900,3054
993,Louvre,2018032000,2786
994,Louvre,2018032100,2855
995,Louvre,2018032200,2691
996,Louvre,2018032300,2386
997,Louvre,2018032400,1954
998,Louvre,2018032500,2410
999,Louvre,2018032600,2722
1000,Louvre,2018032700,2966
1001,Louvre,2018032800,2752
1002,Louvre,2018032900,2344
1003,Louvre,2018033000,2237
1004,Louvre,2018033100,3402
1005,Louvre,2018040100,2373
1006,Louvre,2018040200,2673
1007,Louvre,2018040300,3299
1008,Louvre,2018040400,2875
1009,Louvre,2018040500,2587
1010,Louvre,2018040600,2280
1011,Louvre,2018040700,2230
1012,Louvre,2018040800,2345
1013,Louvre,2018040900,2950
1014,Louvre,2018041000,2928
1015,Louvre,2018041100,3188
1016,Louvre,2018041200,5012
1017,Louvre,2018041300,4063
1018,Louvre,2018041400,2602
1019,Louvre,2018041500,2876
1020,Louvre,2018041600,4473
1021,Louvre,2018041700,3078
1022,Louvre,2018041800,3176
1023,Louvre,2018041900,2979
1024,Louvre,2018042000,3160
1025,Louvre,2018042100,2640
1026,Louvre,2018042200,2874
1027,Louvre,2018042300,3365
1028,Louvre,2018042400,3097
1029,Louvre,2018042500,3256
1030,Louvre,2018042600,2624
1031,Louvre,2018042700,2382
1032,Louvre,2018042800,2302
1033,Louvre,2018042900,2589
1034,Louvre,2018043000,2764
1035,Louvre,2018050100,2700
1036,Louvre,2018050200,2856
1037,Louvre,2018050300,2662
1038,Louvre,2018050400,2337
1039,Louvre,2018050500,2018
1040,Louvre,2018050600,2171
1041,Louvre,2018050700,2835
1042,Louvre,2018050800,2845
1043,Louvre,2018050900,3113
1044,Louvre,2018051000,2864
1045,Louvre,2018051100,2486
1046,Louvre,2018051200,2345
1047,Louvre,2018051300,2361
1048,Louvre,2018051400,2999
1049,Louvre,2018051500,2748
1050,Louvre,2018051600,3192
1051,Louvre,2018051700,2856
1052,Louvre,2018051800,2423
1053,Louvre,2018051900,2069
1054,Louvre,2018052000,2493
1055,Louvre,2018052100,2792
1056,Louvre,2018052200,2859
1057,Louvre,2018052300,2949
1058,Louvre,2018052400,2754
1059,Louvre,2018052500,3162
1060,Louvre,2018052600,2039
1061,Louvre,2018052700,2523
1062,Louvre,2018052800,2727
1063,Louvre,2018052900,2983
1064,Louvre,2018053000,2757
1065,Louvre,2018053100,2609
1066,Louvre,2018060100,2424
1067,Louvre,2018060200,2163
1068,Louvre,2018060300,2490
1069,Louvre,2018060400,3075
1070,Louvre,2018060500,2672
1071,Louvre,2018060600,2783
1072,Louvre,2018060700,2532
1073,Louvre,2018060800,2300
1074,Louvre,2018060900,2493
1075,Louvre,2018061000,2869
1076,Louvre,2018061100,3140
1077,Louvre,2018061200,2954
1078,Louvre,2018061300,3000
1079,Louvre,2018061400,2591
1080,Louvre,2018061500,2093
1081,Louvre,2018061600,2568
1082,Louvre,2018061700,9230
1083,Louvre,2018061800,7568
1084,Louvre,2018061900,5200
1085,Louvre,2018062000,4056
1086,Louvre,2018062100,3539
1087,Louvre,2018062200,3146
1088,Louvre,2018062300,3546
1089,Louvre,2018062400,3865
1090,Louvre,2018062500,3600
1091,Louvre,2018062600,3279
1092,Louvre,2018062700,3422
1093,Louvre,2018062800,3113
1094,Louvre,2018062900,3009
1095,Louvre,2018063000,2844
1096,Louvre,2018070100,3082
1097,Louvre,2018070200,2940
1098,Louvre,2018070300,2807
1099,Louvre,2018070400,3160
1100,Louvre,2018070500,3039
1101,Louvre,2018070600,2837
1102,Louvre,2018070700,2656
1103,Louvre,2018070800,3185
1104,Louvre,2018070900,3062
1105,Louvre,2018071000,2770
1106,Louvre,2018071100,3066
1107,Louvre,2018071200,2739
1108,Louvre,2018071300,2614
1109,Louvre,2018071400,2440
1110,Louvre,2018071500,2637
1111,Louvre,2018071600,2805
1112,Louvre,2018071700,2638
1113,Louvre,2018071800,3560
1114,Louvre,2018071900,2636
1115,Louvre,2018072000,2426
1116,Louvre,2018072100,2374
1117,Louvre,2018072200,2684
1118,Louvre,2018072300,2981
1119,Louvre,2018072400,2535
1120,Louvre,2018072500,2326
1121,Louvre,2018072600,2305
1122,Louvre,2018072700,2477
1123,Louvre,2018072800,2544
1124,Louvre,2018072900,3452
1125,Louvre,2018073000,2753
1126,Louvre,2018073100,2460
1127,Louvre,2018080100,2625
1128,Louvre,2018080200,2683
1129,Louvre,2018080300,2455
1130,Louvre,2018080400,2405
1131,Louvre,2018080500,2722
1132,Louvre,2018080600,2866
1133,Louvre,2018080700,2480
1134,Louvre,2018080800,2962
1135,Louvre,2018080900,2970
1136,Louvre,2018081000,11724
1137,Louvre,2018081100,2824
1138,Louvre,2018081200,2619
1139,Louvre,2018081300,2906
1140,Louvre,2018081400,3122
1141,Louvre,2018081500,2937
1142,Louvre,2018081600,3749
1143,Louvre,2018081700,4846
1144,Louvre,2018081800,2539
1145,Louvre,2018081900,2673
1146,Louvre,2018082000,2786
1147,Louvre,2018082100,2829
1148,Louvre,2018082200,2857
1149,Louvre,2018082300,2688
1150,Louvre,2018082400,2509
1151,Louvre,2018082500,2485
1152,Louvre,2018082600,2593
1153,Louvre,2018082700,2720
1154,Louvre,2018082800,2672
1155,Louvre,2018082900,2810
1156,Louvre,2018083000,2605
1157,Louvre,2018083100,2523
1158,Louvre,2018090100,2250
1159,Louvre,2018090200,2475
1160,Louvre,2018090300,3838
1161,Louvre,2018090400,3602
1162,Louvre,2018090500,3159
1163,Louvre,2018090600,2874
1164,Louvre,2018090700,2887
1165,Louvre,2018090800,2368
1166,Louvre,2018090900,2735
1167,Louvre,2018091000,2931
1168,Louvre,2018091100,4784
1169,Louvre,2018091200,3045
1170,Louvre,2018091300,3315
1171,Louvre,2018091400,2736
1172,Louvre,2018091500,2512
1173,Louvre,2018091600,2821
1174,Louvre,2018091700,2955
1175,Louvre,2018091800,2929
1176,Louvre,2018091900,3158
1177,Louvre,2018092000,2944
1178,Louvre,2018092100,2885
1179,Louvre,2018092200,2649
1180,Louvre,2018092300,3086
1181,Louvre,2018092400,3210
1182,Louvre,2018092500,3055
1183,Louvre,2018092600,3176
1184,Louvre,2018092700,3092
1185,Louvre,2018092800,2604
1186,Louvre,2018092900,2652
1187,Louvre,2018093000,3074
1188,Louvre,2018100100,3031
1189,Louvre,2018100200,2955
1190,Louvre,2018100300,3184
1191,Louvre,2018100400,2919
1192,Louvre,2018100500,2720
1193,Louvre,2018100600,2498
1194,Louvre,2018100700,2959
1195,Louvre,2018100800,3034
1196,Louvre,2018100900,2895
1197,Louvre,2018101000,2936
1198,Louvre,2018101100,3108
1199,Louvre,2018101200,2795
1200,Louvre,2018101300,2586
1201,Louvre,2018101400,3128
1202,Louvre,2018101500,3385
1203,Louvre,2018101600,3226
1204,Louvre,2018101700,3256
1205,Louvre,2018101800,3052
1206,Louvre,2018101900,2642
1207,Louvre,2018102000,2475
1208,Louvre,2018102100,2983
1209,Louvre,2018102200,4611
1210,Louvre,2018102300,3062
1211,Louvre,2018102400,3230
1212,Louvre,2018102500,2824
1213,Louvre,2018102600,2620
1214,Louvre,2018102700,2389
1215,Louvre,2018102800,2742
1216,Louvre,2018102900,2823
1217,Louvre,2018103000,2925
1218,Louvre,2018103100,2861
1219,Louvre,2018110100,2831
1220,Louvre,2018110200,2662
1221,Louvre,2018110300,2357
1222,Louvre,2018110400,2778
1223,Louvre,2018110500,3003
1224,Louvre,2018110600,2711
1225,Louvre,2018110700,2844
1226,Louvre,2018110800,2888
1227,Louvre,2018110900,4644
1228,Louvre,2018111000,2973
1229,Louvre,2018111100,3275
1230,Louvre,2018111200,4225
1231,Louvre,2018111300,3264
1232,Louvre,2018111400,3051
1233,Louvre,2018111500,2984
1234,Louvre,2018111600,2627
1235,Louvre,2018111700,2616
1236,Louvre,2018111800,2882
1237,Louvre,2018111900,3114
1238,Louvre,2018112000,2645
1239,Louvre,2018112100,2857
1240,Louvre,2018112200,2609
1241,Louvre,2018112300,2388
1242,Louvre,2018112400,2486
1243,Louvre,2018112500,2697
1244,Louvre,2018112600,3310
1245,Louvre,2018112700,3197
1246,Louvre,2018112800,2888
1247,Louvre,2018112900,3055
1248,Louvre,2018113000,2478
1249,Louvre,2018120100,2253
1250,Louvre,2018120200,2792
1251,Louvre,2018120300,2944
1252,Louvre,2018120400,2829
1253,Louvre,2018120500,2923
1254,Louvre,2018120600,2720
1255,Louvre,2018120700,2610
1256,Louvre,2018120800,2464
1257,Louvre,2018120900,2778
1258,Louvre,2018121000,2828
1259,Louvre,2018121100,2775
1260,Louvre,2018121200,2877
1261,Louvre,2018121300,2406
1262,Louvre,2018121400,2306
1263,Louvre,2018121500,2000
1264,Louvre,2018121600,2390
1265,Louvre,2018121700,2439
1266,Louvre,2018121800,2464
1267,Louvre,2018121900,2354
1268,Louvre,2018122000,2136
1269,Louvre,2018122100,1910
1270,Louvre,2018122200,1712
1271,Louvre,2018122300,1902
1272,Louvre,2018122400,1892
1273,Louvre,2018122500,1816
1274,Louvre,2018122600,2179
1275,Louvre,2018122700,2321
1276,Louvre,2018122800,2307
1277,Louvre,2018122900,2192
1278,Louvre,2018123000,2384
1279,Louvre,2018123100,2168
1280,Louvre,2019010100,2176
1281,Louvre,2019010200,2567
1282,Louvre,2019010300,2904
1283,Louvre,2019010400,3241
1284,Louvre,2019010500,2825
1285,Louvre,2019010600,2704
1286,Louvre,2019010700,2906
1287,Louvre,2019010800,2896
1288,Louvre,2019010900,2612
1289,Louvre,2019011000,2960
1290,Louvre,2019011100,2566
1291,Louvre,2019011200,2177
1292,Louvre,2019011300,2672
1293,Louvre,2019011400,3124
1294,Louvre,2019011500,3326
1295,Louvre,2019011600,6443
1296,Louvre,2019011700,4114
1297,Louvre,2019011800,2989
1298,Louvre,2019011900,2451
1299,Louvre,2019012000,2738
1300,Louvre,2019012100,3014
1301,Louvre,2019012200,2870
1302,Louvre,2019012300,2764
1303,Louvre,2019012400,2906
1304,Louvre,2019012500,5114
1305,Louvre,2019012600,3496
1306,Louvre,2019012700,3272
1307,Louvre,2019012800,3307
1308,Louvre,2019012900,2702
1309,Louvre,2019013000,2586
1310,Louvre,2019013100,2419
1311,Louvre,2019020100,2260
1312,Louvre,2019020200,2114
1313,Louvre,2019020300,2434
1314,Louvre,2019020400,2490
1315,Louvre,2019020500,2499
1316,Louvre,2019020600,2588
1317,Louvre,2019020700,2576
1318,Louvre,2019020800,2487
1319,Louvre,2019020900,2590
1320,Louvre,2019021000,2784
1321,Louvre,2019021100,3000
1322,Louvre,2019021200,2622
1323,Louvre,2019021300,2660
1324,Louvre,2019021400,2578
1325,Louvre,2019021500,2457
1326,Louvre,2019021600,2360
1327,Louvre,2019021700,2799
1328,Louvre,2019021800,2821
1329,Louvre,2019021900,2548
1330,Louvre,2019022000,3294
1331,Louvre,2019022100,2982
1332,Louvre,2019022200,2353
1333,Louvre,2019022300,2192
1334,Louvre,2019022400,2829
1335,Louvre,2019022500,2972
1336,Louvre,2019022600,2687
1337,Louvre,2019022700,2637
1338,Louvre,2019022800,2530
1339,Louvre,2019030100,2288
1340,Louvre,2019030200,2322
1341,Louvre,2019030300,2637
1342,Louvre,2019030400,2937
1343,Louvre,2019030500,2748
1344,Louvre,2019030600,3026
1345,Louvre,2019030700,2757
1346,Louvre,2019030800,2462
1347,Louvre,2019030900,2417
1348,Louvre,2019031000,2547
1349,Louvre,2019031100,3914
1350,Louvre,2019031200,3200
1351,Louvre,2019031300,2880
1352,Louvre,2019031400,2714
1353,Louvre,2019031500,2401
1354,Louvre,2019031600,2189
1355,Louvre,2019031700,2689
1356,Louvre,2019031800,2877
1357,Louvre,2019031900,2665
1358,Louvre,2019032000,2819
1359,Louvre,2019032100,2970
1360,Louvre,2019032200,2399
1361,Louvre,2019032300,2235
1362,Louvre,2019032400,2593
1363,Louvre,2019032500,2739
1364,Louvre,2019032600,2568
1365,Louvre,2019032700,3046
1366,Louvre,2019032800,2890
1367,Louvre,2019032900,2517
1368,Louvre,2019033000,2798
1369,Louvre,2019033100,3413
1370,Louvre,2019040100,3835
1371,Louvre,2019040200,3367
1372,Louvre,2019040300,3663
1373,Louvre,2019040400,3152
1374,Louvre,2019040500,2771
1375,Louvre,2019040600,2707
1376,Louvre,2019040700,2943
1377,Louvre,2019040800,3078
1378,Louvre,2019040900,3693
1379,Louvre,2019041000,3819
1380,Louvre,2019041100,2985
1381,Louvre,2019041200,2723
1382,Louvre,2019041300,2274
1383,Louvre,2019041400,2590
1384,Louvre,2019041500,6595
1385,Louvre,2019041600,8288
1386,Louvre,2019041700,5989
1387,Louvre,2019041800,3948
1388,Louvre,2019041900,3312
1389,Louvre,2019042000,3207
1390,Louvre,2019042100,3252
1391,Louvre,2019042200,3235
1392,Louvre,2019042300,3215
1393,Louvre,2019042400,3206
1394,Louvre,2019042500,3031
1395,Louvre,2019042600,2667
1396,Louvre,2019042700,2468
1397,Louvre,2019042800,2674
1398,Louvre,2019042900,2937
1399,Louvre,2019043000,2506
1400,Louvre,2019050100,2699
1401,Louvre,2019050200,3121
1402,Louvre,2019050300,2937
1403,Louvre,2019050400,2729
1404,Louvre,2019050500,2789
1405,Louvre,2019050600,2972
1406,Louvre,2019050700,2982
1407,Louvre,2019050800,3358
1408,Louvre,2019050900,2924
1409,Louvre,2019051000,2727
1410,Louvre,2019051100,2233
1411,Louvre,2019051200,2578
1412,Louvre,2019051300,3018
1413,Louvre,2019051400,2894
1414,Louvre,2019051500,2897
1415,Louvre,2019051600,3911
1416,Louvre,2019051700,8842
1417,Louvre,2019051800,3883
1418,Louvre,2019051900,3342
1419,Louvre,2019052000,3656
1420,Louvre,2019052100,3022
1421,Louvre,2019052200,3255
1422,Louvre,2019052300,2973
1423,Louvre,2019052400,2873
1424,Louvre,2019052500,2468
1425,Louvre,2019052600,2781
1426,Louvre,2019052700,3258
1427,Louvre,2019052800,2988
1428,Louvre,2019052900,3532
1429,Louvre,2019053000,3456
1430,Louvre,2019053100,2501
1431,Louvre,2019060100,2326
1432,Louvre,2019060200,2581
1433,Louvre,2019060300,2820
1434,Louvre,2019060400,2890
1435,Louvre,2019060500,3086
1436,Louvre,2019060600,2824
1437,Louvre,2019060700,2757
1438,Louvre,2019060800,2565
1439,Louvre,2019060900,2872
1440,Louvre,2019061000,3199
1441,Louvre,2019061100,2824
1442,Louvre,2019061200,3061
1443,Louvre,2019061300,2728
1444,Louvre,2019061400,2545
1445,Louvre,2019061500,2308
1446,Louvre,2019061600,2690
1447,Louvre,2019061700,2808
1448,Louvre,2019061800,2385
1449,Louvre,2019061900,2802
1450,Louvre,2019062000,2641
1451,Louvre,2019062100,2360
1452,Louvre,2019062200,2420
1453,Louvre,2019062300,2705
1454,Louvre,2019062400,2866
1455,Louvre,2019062500,2483
1456,Louvre,2019062600,2695
1457,Louvre,2019062700,2422
1458,Louvre,2019062800,2910
1459,Louvre,2019062900,2523
1460,Louvre,2019063000,2595
1461,Louvre,2019070100,2433
1462,Louvre,2019070200,2442
1463,Louvre,2019070300,2563
1464,Louvre,2019070400,2604
1465,Louvre,2019070500,2432
1466,Louvre,2019070600,2576
1467,Louvre,2019070700,2650
1468,Louvre,2019070800,2700
1469,Louvre,2019070900,2456
1470,Louvre,2019071000,3334
1471,Louvre,2019071100,2660
1472,Louvre,2019071200,2428
1473,Louvre,2019071300,2398
1474,Louvre,2019071400,2527
1475,Louvre,2019071500,2472
1476,Louvre,2019071600,2376
1477,Louvre,2019071700,2870
1478,Louvre,2019071800,2677
1479,Louvre,2019071900,2504
1480,Louvre,2019072000,2335
1481,Louvre,2019072100,2326
1482,Louvre,2019072200,2508
1483,Louvre,2019072300,2448
1484,Louvre,2019072400,2809
1485,Louvre,2019072500,2322
1486,Louvre,2019072600,2112
1487,Louvre,2019072700,2739
1488,Louvre,2019072800,3244
1489,Louvre,2019072900,2618
1490,Louvre,2019073000,2274
1491,Louvre,2019073100,2404
1492,Louvre,2019080100,2738
1493,Louvre,2019080200,2391
1494,Louvre,2019080300,2454
1495,Louvre,2019080400,2302
1496,Louvre,2019080500,2516
1497,Louvre,2019080600,2442
1498,Louvre,2019080700,2425
1499,Louvre,2019080800,2318
1500,Louvre,2019080900,2314
1501,Louvre,2019081000,2753
1502,Louvre,2019081100,2473
1503,Louvre,2019081200,2746
1504,Louvre,2019081300,2283
1505,Louvre,2019081400,2526
1506,Louvre,2019081500,2166
1507,Louvre,2019081600,2171
1508,Louvre,2019081700,2201
1509,Louvre,2019081800,2610
1510,Louvre,2019081900,2398
1511,Louvre,2019082000,2905
1512,Louvre,2019082100,2629
1513,Louvre,2019082200,2284
1514,Louvre,2019082300,2375
1515,Louvre,2019082400,2085
1516,Louvre,2019082500,2450
1517,Louvre,2019082600,2371
1518,Louvre,2019082700,2209
1519,Louvre,2019082800,2611
1520,Louvre,2019082900,2520
1521,Louvre,2019083000,2389
1522,Louvre,2019083100,2135
1523,Louvre,2019090100,2542
1524,Louvre,2019090200,2478
1525,Louvre,2019090300,2292
1526,Louvre,2019090400,2491
1527,Louvre,2019090500,2608
1528,Louvre,2019090600,2286
1529,Louvre,2019090700,2421
1530,Louvre,2019090800,2816
1531,Louvre,2019090900,2660
1532,Louvre,2019091000,2708
1533,Louvre,2019091100,2733
1534,Louvre,2019091200,2802
1535,Louvre,2019091300,2441
1536,Louvre,2019091400,2650
1537,Louvre,2019091500,2806
1538,Louvre,2019091600,3178
1539,Louvre,2019091700,2634
1540,Louvre,2019091800,2883
1541,Louvre,2019091900,2558
1542,Louvre,2019092000,2453
1543,Louvre,2019092100,2352
1544,Louvre,2019092200,2728
1545,Louvre,2019092300,2755
1546,Louvre,2019092400,2755
1547,Louvre,2019092500,3045
1548,Louvre,2019092600,2902
1549,Louvre,2019092700,2627
1550,Louvre,2019092800,2375
1551,Louvre,2019092900,2703
1552,Louvre,2019093000,2870
1553,Louvre,2019100100,2563
1554,Louvre,2019100200,2858
1555,Louvre,2019100300,2593
1556,Louvre,2019100400,2565
1557,Louvre,2019100500,2517
1558,Louvre,2019100600,2677
1559,Louvre,2019100700,2867
1560,Louvre,2019100800,2842
1561,Louvre,2019100900,3031
1562,Louvre,2019101000,2710
1563,Louvre,2019101100,2346
1564,Louvre,2019101200,2764
1565,Louvre,2019101300,2721
1566,Louvre,2019101400,3242
1567,Louvre,2019101500,2938
1568,Louvre,2019101600,2922
1569,Louvre,2019101700,2868
1570,Louvre,2019101800,2841
1571,Louvre,2019101900,2659
1572,Louvre,2019102000,2802
1573,Louvre,2019102100,3215
1574,Louvre,2019102200,2962
1575,Louvre,2019102300,3025
1576,Louvre,2019102400,3289
1577,Louvre,2019102500,2754
1578,Louvre,2019102600,2471
1579,Louvre,2019102700,2775
1580,Louvre,2019102800,2773
1581,Louvre,2019102900,2736
1582,Louvre,2019103000,2939
1583,Louvre,2019103100,2545
1584,Louvre,2019110100,2470
1585,Louvre,2019110200,2468
1586,Louvre,2019110300,2627
1587,Louvre,2019110400,2874
1588,Louvre,2019110500,2762
1589,Louvre,2019110600,3002
1590,Louvre,2019110700,3423
1591,Louvre,2019110800,2988
1592,Louvre,2019110900,2793
1593,Louvre,2019111000,2945
1594,Louvre,2019111100,3036
1595,Louvre,2019111200,2917
1596,Louvre,2019111300,3016
1597,Louvre,2019111400,2931
1598,Louvre,2019111500,2642
1599,Louvre,2019111600,2328
1600,Louvre,2019111700,2635
1601,Louvre,2019111800,2858
1602,Louvre,2019111900,3024
1603,Louvre,2019112000,2752
1604,Louvre,2019112100,2537
1605,Louvre,2019112200,2462
1606,Louvre,2019112300,2319
1607,Louvre,2019112400,2779
1608,Louvre,2019112500,3018
1609,Louvre,2019112600,2897
1610,Louvre,2019112700,2772
1611,Louvre,2019112800,2375
1612,Louvre,2019112900,2390
1613,Louvre,2019113000,2233
1614,Louvre,2019120100,2521
1615,Louvre,2019120200,2715
1616,Louvre,2019120300,2477
1617,Louvre,2019120400,2423
1618,Louvre,2019120500,2686
1619,Louvre,2019120600,2410
1620,Louvre,2019120700,2071
1621,Louvre,2019120800,2480
1622,Louvre,2019120900,2695
1623,Louvre,2019121000,2612
1624,Louvre,2019121100,2663
1625,Louvre,2019121200,2406
1626,Louvre,2019121300,2235
1627,Louvre,2019121400,2929
1628,Louvre,2019121500,3010
1629,Louvre,2019121600,2797
1630,Louvre,2019121700,2459
1631,Louvre,2019121800,2532
1632,Louvre,2019121900,2053
1633,Louvre,2019122000,1856
1634,Louvre,2019122100,1880
1635,Louvre,2019122200,1991
1636,Louvre,2019122300,1973
1637,Louvre,2019122400,1836
1638,Louvre,2019122500,1965
1639,Louvre,2019122600,2304
1640,Louvre,2019122700,2480
1641,Louvre,2019122800,2698
1642,Louvre,2019122900,2706
1643,Louvre,2019123000,2462
1644,Louvre,2019123100,1998
1645,Louvre,2020010100,2262
1646,Louvre,2020010200,2552
1647,Louvre,2020010300,2501
1648,Louvre,2020010400,2457
1649,Louvre,2020010500,2605
1650,Louvre,2020010600,2426
1651,Louvre,2020010700,2241
1652,Louvre,2020010800,2580
1653,Louvre,2020010900,2491
1654,Louvre,2020011000,2351
1655,Louvre,2020011100,2186
1656,Louvre,2020011200,2600
1657,Louvre,2020011300,2654
1658,Louvre,2020011400,2703
1659,Louvre,2020011500,3092
1660,Louvre,2020011600,2913
1661,Louvre,2020011700,2538
1662,Louvre,2020011800,2440
1663,Louvre,2020011900,2594
1664,Louvre,2020012000,2659
1665,Louvre,2020012100,2557
1666,Louvre,2020012200,2655
1667,Louvre,2020012300,2680
1668,Louvre,2020012400,2369
1669,Louvre,2020012500,2188
1670,Louvre,2020012600,2412
1671,Louvre,2020012700,2702
1672,Louvre,2020012800,2400
1673,Louvre,2020012900,2502
1674,Louvre,2020013000,2457
1675,Louvre,2020013100,2176
1676,Louvre,2020020100,2046
1677,Louvre,2020020200,2404
1678,Louvre,2020020300,2374
1679,Louvre,2020020400,2352
1680,Louvre,2020020500,2538
1681,Louvre,2020020600,2337
1682,Louvre,2020020700,2414
1683,Louvre,2020020800,2204
1684,Louvre,2020020900,2564
1685,Louvre,2020021000,2603
1686,Louvre,2020021100,2648
1687,Louvre,2020021200,2585
1688,Louvre,2020021300,2465
1689,Louvre,2020021400,2338
1690,Louvre,2020021500,2443
1691,Louvre,2020021600,2638
1692,Louvre,2020021700,2836
1693,Louvre,2020021800,2757
1694,Louvre,2020021900,2914
1695,Louvre,2020022000,2667
1696,Louvre,2020022100,2435
1697,Louvre,2020022200,2272
1698,Louvre,2020022300,2445
1699,Louvre,2020022400,2749
1700,Louvre,2020022500,2639
1701,Louvre,2020022600,2771
1702,Louvre,2020022700,2603
1703,Louvre,2020022800,2220
1704,Louvre,2020022900,2243
1705,Louvre,2020030100,5065
1706,Louvre,2020030200,5821
1707,Louvre,2020030300,3847
1708,Louvre,2020030400,3407
1709,Louvre,2020030500,3047
1710,Louvre,2020030600,2757
1711,Louvre,2020030700,2251
1712,Louvre,2020030800,2415
1713,Louvre,2020030900,2780
1714,Louvre,2020031000,2473
1715,Louvre,2020031100,2495
1716,Louvre,2020031200,2096
1717,Louvre,2020031300,2276
1718,Louvre,2020031400,2067
1719,Louvre,2020031500,2024
1720,Louvre,2020031600,2046
1721,Louvre,2020031700,1980
1722,Louvre,2020031800,2250
1723,Louvre,2020031900,2278
1724,Louvre,2020032000,2128
1725,Louvre,2020032100,2013
1726,Louvre,2020032200,2256
1727,Louvre,2020032300,2335
1728,Louvre,2020032400,2433
1729,Louvre,2020032500,2457
1730,Louvre,2020032600,2565
1731,Louvre,2020032700,2351
1732,Louvre,2020032800,2397
1733,Louvre,2020032900,2560
1734,Louvre,2020033000,3644
1735,Louvre,2020033100,2798
1736,Louvre,2020040100,2692
1737,Louvre,2020040200,2776
1738,Louvre,2020040300,2542
1739,Louvre,2020040400,2341
1740,Louvre,2020040500,2602
1741,Louvre,2020040600,2477
1742,Louvre,2020040700,2313
1743,Louvre,2020040800,2354
1744,Louvre,2020040900,2510
1745,Louvre,2020041000,2360
1746,Louvre,2020041100,2136
1747,Louvre,2020041200,2388
1748,Louvre,2020041300,2644
1749,Louvre,2020041400,2695
1750,Louvre,2020041500,2693
1751,Louvre,2020041600,2611
1752,Louvre,2020041700,2635
1753,Louvre,2020041800,2330
1754,Louvre,2020041900,2351
1755,Louvre,2020042000,2711
1756,Louvre,2020042100,2638
1757,Louvre,2020042200,2553
1758,Louvre,2020042300,2913
1759,Louvre,2020042400,2500
1760,Louvre,2020042500,2265
1761,Louvre,2020042600,2443
1762,Louvre,2020042700,2681
1763,Louvre,2020042800,2571
1764,Louvre,2020042900,2685
1765,Louvre,2020043000,2453
1766,Louvre,2020050100,2511
1767,Louvre,2020050200,2119
1768,Louvre,2020050300,2259
1769,Louvre,2020050400,2535
1770,Louvre,2020050500,2508
1771,Louvre,2020050600,2302
1772,Louvre,2020050700,2548
1773,Louvre,2020050800,2244
1774,Louvre,2020050900,2097
1775,Louvre,2020051000,2114
1776,Louvre,2020051100,2443
1777,Louvre,2020051200,2313
1778,Louvre,2020051300,2379
1779,Louvre,2020051400,2240
1780,Louvre,2020051500,2238
1781,Louvre,2020051600,1903
1782,Louvre,2020051700,2098
1783,Louvre,2020051800,2380
1784,Louvre,2020051900,2266
1785,Louvre,2020052000,2307
1786,Louvre,2020052100,2151
1787,Louvre,2020052200,2075
1788,Louvre,2020052300,1729
1789,Louvre,2020052400,1907
1790,Louvre,2020052500,2060
1791,Louvre,2020052600,2133
1792,Louvre,2020052700,2029
1793,Louvre,2020052800,2020
1794,Louvre,2020052900,1791
1795,Louvre,2020053000,1625
1796,Louvre,2020053100,1698
1797,Louvre,2020060100,2025
1798,Louvre,2020060200,1773
1799,Louvre,2020060300,1971
1800,Louvre,2020060400,1917
1801,Louvre,2020060500,1984
1802,Louvre,2020060600,1820
1803,Louvre,2020060700,1862
1804,Louvre,2020060800,1799
1805,Louvre,2020060900,1965
1806,Louvre,2020061000,1866
1807,Louvre,2020061100,1772
1808,Louvre,2020061200,1673
1809,Louvre,2020061300,1522
1810,Louvre,2020061400,1600
1811,Louvre,2020061500,2253
1812,Louvre,2020061600,1866
1813,Louvre,2020061700,1663
1814,Louvre,2020061800,1765
1815,Louvre,2020061900,1519
1816,Louvre,2020062000,1359
1817,Louvre,2020062100,1487
1818,Louvre,2020062200,1921
1819,Louvre,2020062300,1862
1820,Louvre,2020062400,1849
1821,Louvre,2020062500,1966
1822,Louvre,2020062600,1690
1823,Louvre,2020062700,1635
1824,Louvre,2020062800,1576
1825,Louvre,2020062900,1726
1826,Louvre,2020063000,1606
1827,Louvre,2020070100,1381
1828,Louvre,2020070200,1591
1829,Louvre,2020070300,1594
1830,Louvre,2020070400,1381
1831,Louvre,2020070500,1563
1832,Louvre,2020070600,2649
1833,Louvre,2020070700,2155
1834,Louvre,2020070800,1800
1835,Louvre,2020070900,1524
1836,Louvre,2020071000,1545
1837,Louvre,2020071100,1506
1838,Louvre,2020071200,1773
1839,Louvre,2020071300,1824
1840,Louvre,2020071400,1772
1841,Louvre,2020071500,1687
1842,Louvre,2020071600,1600
1843,Louvre,2020071700,1884
1844,Louvre,2020071800,1900
1845,Louvre,2020071900,2141
1846,Louvre,2020072000,2272
1847,Louvre,2020072100,2341
1848,Louvre,2020072200,2554
1849,Louvre,2020072300,1852
1850,Louvre,2020072400,1539
1851,Louvre,2020072500,1555
1852,Louvre,2020072600,1679
1853,Louvre,2020072700,1784
1854,Louvre,2020072800,1555
1855,Louvre,2020072900,1571
1856,Louvre,2020073000,1478
1857,Louvre,2020073100,1462
1858,Louvre,2020080100,1353
1859,Louvre,2020080200,1521
1860,Louvre,2020080300,1595
1861,Louvre,2020080400,1600
1862,Louvre,2020080500,1442
1863,Louvre,2020080600,1509
1864,Louvre,2020080700,1509
1865,Louvre,2020080800,1439
1866,Louvre,2020080900,1606
1867,Louvre,2020081000,11021
1868,Louvre,2020081100,1975
1869,Louvre,2020081200,1559
1870,Louvre,2020081300,1575
1871,Louvre,2020081400,1468
1872,Louvre,2020081500,1508
1873,Louvre,2020081600,1569
1874,Louvre,2020081700,1691
1875,Louvre,2020081800,1599
1876,Louvre,2020081900,1576
1877,Louvre,2020082000,1537
1878,Louvre,2020082100,2724
1879,Louvre,2020082200,1413
1880,Louvre,2020082300,1501
1881,Louvre,2020082400,1607
1882,Louvre,2020082500,1607
1883,Louvre,2020082600,1634
1884,Louvre,2020082700,1670
1885,Louvre,2020082800,1590
1886,Louvre,2020082900,1527
1887,Louvre,2020083000,1524
1888,Louvre,2020083100,1592
1889,Louvre,2020090100,2651
1890,Louvre,2020090200,2282
1891,Louvre,2020090300,1717
1892,Louvre,2020090400,1702
1893,Louvre,2020090500,1424
1894,Louvre,2020090600,1602
1895,Louvre,2020090700,1738
1896,Louvre,2020090800,1790
1897,Louvre,2020090900,1718
1898,Louvre,2020091000,1783
1899,Louvre,2020091100,1691
1900,Louvre,2020091200,1575
1901,Louvre,2020091300,1673
1902,Louvre,2020091400,1691
1903,Louvre,2020091500,1849
1904,Louvre,2020091600,1756
1905,Louvre,2020091700,1956
1906,Louvre,2020091800,1778
1907,Louvre,2020091900,1401
1908,Louvre,2020092000,2243
1909,Louvre,2020092100,2053
1910,Louvre,2020092200,1908
1911,Louvre,2020092300,2035
1912,Louvre,2020092400,1929
1913,Louvre,2020092500,1708
1914,Louvre,2020092600,1633
1915,Louvre,2020092700,1826
1916,Louvre,2020092800,1794
1917,Louvre,2020092900,1907
1918,Louvre,2020093000,1805
1919,Louvre,2020100100,1856
1920,Louvre,2020100200,1604
1921,Louvre,2020100300,1377
1922,Louvre,2020100400,1638
1923,Louvre,2020100500,1868
1924,Louvre,2020100600,1876
1925,Louvre,2020100700,1973
1926,Louvre,2020100800,1973
1927,Louvre,2020100900,1971
1928,Louvre,2020101000,1800
1929,Louvre,2020101100,1888
1930,Louvre,2020101200,2084
1931,Louvre,2020101300,2007
1932,Louvre,2020101400,2052
1933,Louvre,2020101500,2120
1934,Louvre,2020101600,1871
1935,Louvre,2020101700,1749
1936,Louvre,2020101800,2024
1937,Louvre,2020101900,2072
1938,Louvre,2020102000,2488
1939,Louvre,2020102100,2314
1940,Louvre,2020102200,2210
1941,Louvre,2020102300,1801
1942,Louvre,2020102400,2007
1943,Louvre,2020102500,1973
1944,Louvre,2020102600,2271
1945,Louvre,2020102700,2172
1946,Louvre,2020102800,2068
1947,Louvre,2020102900,2315
1948,Louvre,2020103000,1899
1949,Louvre,2020103100,1614
1950,Louvre,2020110100,1821
1951,Louvre,2020110200,1955
1952,Louvre,2020110300,1959
1953,Louvre,2020110400,1649
1954,Louvre,2020110500,1982
1955,Louvre,2020110600,1828
1956,Louvre,2020110700,1524
1957,Louvre,2020110800,1881
1958,Louvre,2020110900,2489
1959,Louvre,2020111000,2060
1960,Louvre,2020111100,2240
1961,Louvre,2020111200,2255
1962,Louvre,2020111300,1814
1963,Louvre,2020111400,1688
1964,Louvre,2020111500,1851
1965,Louvre,2020111600,2072
1966,Louvre,2020111700,2183
1967,Louvre,2020111800,2279
1968,Louvre,2020111900,2159
1969,Louvre,2020112000,1870
1970,Louvre,2020112100,1780
1971,Louvre,2020112200,1906
1972,Louvre,2020112300,2062
1973,Louvre,2020112400,2145
1974,Louvre,2020112500,3338
1975,Louvre,2020112600,2013
1976,Louvre,2020112700,1706
1977,Louvre,2020112800,1802
1978,Louvre,2020112900,1836
1979,Louvre,2020113000,2289
1980,Louvre,2020120100,2237
1981,Louvre,2020120200,2261
1982,Louvre,2020120300,2200
1983,Louvre,2020120400,1997
1984,Louvre,2020120500,1923
1985,Louvre,2020120600,2277
1986,Louvre,2020120700,2483
1987,Louvre,2020120800,2342
1988,Louvre,2020120900,2172
1989,Louvre,2020121000,2133
1990,Louvre,2020121100,1768
1991,Louvre,2020121200,1650
1992,Louvre,2020121300,1940
1993,Louvre,2020121400,2303
1994,Louvre,2020121500,2009
1995,Louvre,2020121600,2085
1996,Louvre,2020121700,1938
1997,Louvre,2020121800,1747
1998,Louvre,2020121900,1486
1999,Louvre,2020122000,1709
2000,Louvre,2020122100,1601
2001,Louvre,2020122200,1418
2002,Louvre,2020122300,1438
2003,Louvre,2020122400,1306
2004,Louvre,2020122500,1326
2005,Louvre,2020122600,1468
2006,Louvre,2020122700,1631
2007,Louvre,2020122800,1720
2008,Louvre,2020122900,1716
2009,Louvre,2020123000,1582
2010,Louvre,2020123100,1555
2011,Louvre,2021010100,1819
2012,Louvre,2021010200,1805
2013,Louvre,2021010300,1888
2014,Louvre,2021010400,1784
2015,Louvre,2021010500,1822
2016,Louvre,2021010600,1822
2017,Louvre,2021010700,1805
2018,Louvre,2021010800,2153
2019,Louvre,2021010900,2198
2020,Louvre,2021011000,2541
2021,Louvre,2021011100,2681
2022,Louvre,2021011200,2642
2023,Louvre,2021011300,2699
2024,Louvre,2021011400,2591
2025,Louvre,2021011500,2571
2026,Louvre,2021011600,2399
2027,Louvre,2021011700,2489
2028,Louvre,2021011800,2618
2029,Louvre,2021011900,2549
2030,Louvre,2021012000,2359
2031,Louvre,2021012100,2371
2032,Louvre,2021012200,2270
2033,Louvre,2021012300,2082
2034,Louvre,2021012400,2389
2035,Louvre,2021012500,2477
2036,Louvre,2021012600,2693
2037,Louvre,2021012700,2393
2038,Louvre,2021012800,2210
2039,Louvre,2021012900,2159
2040,Louvre,2021013000,2112
2041,Louvre,2021013100,2436
2042,Louvre,2021020100,2411
2043,Louvre,2021020200,2317
2044,Louvre,2021020300,2297
2045,Louvre,2021020400,2235
2046,Louvre,2021020500,2053
2047,Louvre,2021020600,1923
2048,Louvre,2021020700,2159
2049,Louvre,2021020800,2193
2050,Louvre,2021020900,2342
2051,Louvre,2021021000,2244
2052,Louvre,2021021100,2198
2053,Louvre,2021021200,2025
2054,Louvre,2021021300,1832
2055,Louvre,2021021400,2116
2056,Louvre,2021021500,2091
2057,Louvre,2021021600,2156
2058,Louvre,2021021700,2158
2059,Louvre,2021021800,2153
2060,Louvre,2021021900,1972
2061,Louvre,2021022000,2058
2062,Louvre,2021022100,2529
2063,Louvre,2021022200,2638
2064,Louvre,2021022300,2419
2065,Louvre,2021022400,2680
2066,Louvre,2021022500,2245
2067,Louvre,2021022600,2197
2068,Louvre,2021022700,1936
2069,Louvre,2021022800,2285
2070,Louvre,2021030100,2447
2071,Louvre,2021030200,2455
2072,Louvre,2021030300,3229
2073,Louvre,2021030400,8967
2074,Louvre,2021030500,2941
2075,Louvre,2021030600,2363
2076,Louvre,2021030700,2441
2077,Louvre,2021030800,2578
2078,Louvre,2021030900,2577
2079,Louvre,2021031000,2520
2080,Louvre,2021031100,2535
2081,Louvre,2021031200,2290
2082,Louvre,2021031300,2130
2083,Louvre,2021031400,2337
2084,Louvre,2021031500,2440
2085,Louvre,2021031600,2448
2086,Louvre,2021031700,2562
2087,Louvre,2021031800,2150
2088,Louvre,2021031900,2013
2089,Louvre,2021032000,1854
2090,Louvre,2021032100,2208
2091,Louvre,2021032200,2383
2092,Louvre,2021032300,2367
2093,Louvre,2021032400,2277
2094,Louvre,2021032500,2425
2095,Louvre,2021032600,2340
2096,Louvre,2021032700,2248
2097,Louvre,2021032800,3466
2098,Louvre,2021032900,3227
2099,Louvre,2021033000,3754
2100,Louvre,2021033100,2932
2101,Louvre,2021040100,2557
2102,Louvre,2021040200,2218
2103,Louvre,2021040300,2364
2104,Louvre,2021040400,2365
2105,Louvre,2021040500,2518
2106,Louvre,2021040600,2355
2107,Louvre,2021040700,2392
2108,Louvre,2021040800,2433
2109,Louvre,2021040900,2239
2110,Louvre,2021041000,2048
2111,Louvre,2021041100,2503
2112,Louvre,2021041200,2788
2113,Louvre,2021041300,3335
2114,Louvre,2021041400,2498
2115,Louvre,2021041500,2423
2116,Louvre,2021041600,2193
2117,Louvre,2021041700,1932
2118,Louvre,2021041800,2260
2119,Louvre,2021041900,2424
2120,Louvre,2021042000,2606
2121,Louvre,2021042100,2375
2122,Louvre,2021042200,2354
2123,Louvre,2021042300,2158
2124,Louvre,2021042400,1871
2125,Louvre,2021042500,2046
2126,Louvre,2021042600,3946
2127,Louvre,2021042700,2446
2128,Louvre,2021042800,2424
2129,Louvre,2021042900,2319
2130,Louvre,2021043000,2209
2131,Louvre,2021050100,1801
2132,Louvre,2021050200,1929
2133,Louvre,2021050300,2501
2134,Louvre,2021050400,2240
2135,Louvre,2021050500,2144
2136,Louvre,2021050600,2194
2137,Louvre,2021050700,2123
2138,Louvre,2021050800,1898
2139,Louvre,2021050900,1966
2140,Louvre,2021051000,2328
2141,Louvre,2021051100,2352
2142,Louvre,2021051200,2170
2143,Louvre,2021051300,2235
2144,Louvre,2021051400,2165
2145,Louvre,2021051500,1744
2146,Louvre,2021051600,2016
2147,Louvre,2021051700,2353
2148,Louvre,2021051800,2413
2149,Louvre,2021051900,2484
2150,Louvre,2021052000,2714
2151,Louvre,2021052100,2261
2152,Louvre,2021052200,1960
2153,Louvre,2021052300,2109
2154,Louvre,2021052400,2465
2155,Louvre,2021052500,2622
2156,Louvre,2021052600,2815
2157,Louvre,2021052700,3213
2158,Louvre,2021052800,2619
2159,Louvre,2021052900,2454
2160,Louvre,2021053000,2417
2161,Louvre,2021053100,2511
2162,Louvre,2021060100,2233
2163,Louvre,2021060200,2108
2164,Louvre,2021060300,2109
2165,Louvre,2021060400,1889
2166,Louvre,2021060500,1718
2167,Louvre,2021060600,2052
2168,Louvre,2021060700,2361
2169,Louvre,2021060800,2147
2170,Louvre,2021060900,2153
2171,Louvre,2021061000,2179
2172,Louvre,2021061100,1902
2173,Louvre,2021061200,1853
2174,Louvre,2021061300,2021
2175,Louvre,2021061400,2192
2176,Louvre,2021061500,2154
2177,Louvre,2021061600,2022
2178,Louvre,2021061700,2061
2179,Louvre,2021061800,1932
2180,Louvre,2021061900,1824
2181,Louvre,2021062000,1877
2182,Louvre,2021062100,2137
2183,Louvre,2021062200,1967
2184,Louvre,2021062300,1953
2185,Louvre,2021062400,1820
2186,Louvre,2021062500,1579
2187,Louvre,2021062600,1580
2188,Louvre,2021062700,1753
2189,Louvre,2021062800,1873
2190,Louvre,2021062900,1671
2191,Louvre,2021063000,1711
2192,Louvre,2021070100,1790
2193,Louvre,2021070200,1951
2194,Louvre,2021070300,1752
2195,Louvre,2021070400,1885
2196,Louvre,2021070500,1950
2197,Louvre,2021070600,2107
2198,Louvre,2021070700,2029
2199,Louvre,2021070800,1940
2200,Louvre,2021070900,1941
2201,Louvre,2021071000,1912
2202,Louvre,2021071100,1810
2203,Louvre,2021071200,2098
2204,Louvre,2021071300,1960
2205,Louvre,2021071400,2336
2206,Louvre,2021071500,1921
2207,Louvre,2021071600,1886
2208,Louvre,2021071700,1869
2209,Louvre,2021071800,2703
2210,Louvre,2021071900,2372
2211,Louvre,2021072000,1820
2212,Louvre,2021072100,1821
2213,Louvre,2021072200,1835
2214,Louvre,2021072300,1652
2215,Louvre,2021072400,1523
2216,Louvre,2021072500,1781
2217,Louvre,2021072600,1694
2218,Louvre,2021072700,1749
2219,Louvre,2021072800,1932
2220,Louvre,2021072900,1757
2221,Louvre,2021073000,1454
2222,Louvre,2021073100,1529
2223,Louvre,2021080100,1571
2224,Louvre,2021080200,1583
2225,Louvre,2021080300,1595
2226,Louvre,2021080400,1574
2227,Louvre,2021080500,1583
2228,Louvre,2021080600,1592
2229,Louvre,2021080700,1595
2230,Louvre,2021080800,1843
2231,Louvre,2021080900,2050
2232,Louvre,2021081000,3002
2233,Louvre,2021081100,2881
2234,Louvre,2021081200,2552
2235,Louvre,2021081300,2385
2236,Louvre,2021081400,1775
2237,Louvre,2021081500,1891
2238,Louvre,2021081600,2043
2239,Louvre,2021081700,1746
2240,Louvre,2021081800,2001
2241,Louvre,2021081900,2052
2242,Louvre,2021082000,1968
2243,Louvre,2021082100,2925
2244,Louvre,2021082200,1829
2245,Louvre,2021082300,2072
2246,Louvre,2021082400,1828
2247,Louvre,2021082500,1946
2248,Louvre,2021082600,1778
2249,Louvre,2021082700,1745
2250,Louvre,2021082800,1614
2251,Louvre,2021082900,1912
2252,Louvre,2021083000,1867
2253,Louvre,2021083100,1829
2254,Louvre,2021090100,1859
2255,Louvre,2021090200,1802
2256,Louvre,2021090300,1643
2257,Louvre,2021090400,1507
2258,Louvre,2021090500,1624
2259,Louvre,2021090600,1878
2260,Louvre,2021090700,1891
2261,Louvre,2021090800,2168
2262,Louvre,2021090900,2088
2263,Louvre,2021091000,1961
2264,Louvre,2021091100,1846
2265,Louvre,2021091200,2113
2266,Louvre,2021091300,2202
2267,Louvre,2021091400,2176
2268,Louvre,2021091500,2290
2269,Louvre,2021091600,2049
2270,Louvre,2021091700,2272
2271,Louvre,2021091800,1902
2272,Louvre,2021091900,2063
2273,Louvre,2021092000,2132
2274,Louvre,2021092100,2133
2275,Louvre,2021092200,1948
2276,Louvre,2021092300,2201
2277,Louvre,2021092400,1992
2278,Louvre,2021092500,1891
2279,Louvre,2021092600,2008
2280,Louvre,2021092700,2113
2281,Louvre,2021092800,2079
2282,Louvre,2021092900,2153
2283,Louvre,2021093000,2167
2284,Louvre,2021100100,2117
2285,Louvre,2021100200,2110
2286,Louvre,2021100300,2195
2287,Louvre,2021100400,2303
2288,Louvre,2021100500,2249
2289,Louvre,2021100600,2383
2290,Louvre,2021100700,2158
2291,Louvre,2021100800,2088
2292,Louvre,2021100900,2345
2293,Louvre,2021101000,2234
2294,Louvre,2021101100,2419
2295,Louvre,2021101200,2435
2296,Louvre,2021101300,2256
2297,Louvre,2021101400,2374
2298,Louvre,2021101500,2067
2299,Louvre,2021101600,2104
2300,Louvre,2021101700,2197
2301,Louvre,2021101800,2675
2302,Louvre,2021101900,2408
2303,Louvre,2021102000,2395
2304,Louvre,2021102100,2372
2305,Louvre,2021102200,2070
2306,Louvre,2021102300,2059
2307,Louvre,2021102400,2260
2308,Louvre,2021102500,2374
2309,Louvre,2021102600,2225
2310,Louvre,2021102700,2367
2311,Louvre,2021102800,2284
2312,Louvre,2021102900,2062
2313,Louvre,2021103000,1986
2314,Louvre,2021103100,2039
2315,Louvre,2021110100,2310
2316,Louvre,2021110200,2175
2317,Louvre,2021110300,2280
2318,Louvre,2021110400,2238
2319,Louvre,2021110500,2099
2320,Louvre,2021110600,1887
2321,Louvre,2021110700,2196
2322,Louvre,2021110800,2370
2323,Louvre,2021110900,2322
2324,Louvre,2021111000,2397
2325,Louvre,2021111100,2091
2326,Louvre,2021111200,3084
2327,Louvre,2021111300,6999
2328,Louvre,2021111400,7732
2329,Louvre,2021111500,5623
2330,Louvre,2021111600,4742
2331,Louvre,2021111700,4356
2332,Louvre,2021111800,4008
2333,Louvre,2021111900,3752
2334,Louvre,2021112000,3852
2335,Louvre,2021112100,4421
2336,Louvre,2021112200,3560
2337,Louvre,2021112300,3067
2338,Louvre,2021112400,2950
2339,Louvre,2021112500,3011
2340,Louvre,2021112600,2811
2341,Louvre,2021112700,2941
2342,Louvre,2021112800,3057
2343,Louvre,2021112900,2866
2344,Louvre,2021113000,2618
2345,Louvre,2021120100,2455
2346,Louvre,2021120200,2710
2347,Louvre,2021120300,2418
2348,Louvre,2021120400,2310
2349,Louvre,2021120500,2603
2350,Louvre,2021120600,2712
2351,Louvre,2021120700,2493
2352,Louvre,2021120800,2574
2353,Louvre,2021120900,2554
2354,Louvre,2021121000,2375
2355,Louvre,2021121100,2361
2356,Louvre,2021121200,2743
2357,Louvre,2021121300,2640
2358,Louvre,2021121400,2398
2359,Louvre,2021121500,2287
2360,Louvre,2021121600,2376
2361,Louvre,2021121700,2077
2362,Louvre,2021121800,1884
2363,Louvre,2021121900,2225
2364,Louvre,2021122000,2053
2365,Louvre,2021122100,1828
2366,Louvre,2021122200,1847
2367,Louvre,2021122300,1887
2368,Louvre,2021122400,1772
2369,Louvre,2021122500,1824
2370,Louvre,2021122600,2197
2371,Louvre,2021122700,2419
2372,Louvre,2021122800,2210
2373,Louvre,2021122900,2332
2374,Louvre,2021123000,2201
2375,Louvre,2021123100,2068
2376,Louvre,2022010100,2164
2377,Louvre,2022010200,2553
2378,Louvre,2022010300,2315
2379,Louvre,2022010400,2130
2380,Louvre,2022010500,2421
2381,Louvre,2022010600,2354
2382,Louvre,2022010700,2347
2383,Louvre,2022010800,2215
2384,Louvre,2022010900,2486
2385,Louvre,2022011000,2359
2386,Louvre,2022011100,2367
2387,Louvre,2022011200,2303
2388,Louvre,2022011300,2205
2389,Louvre,2022011400,2070
2390,Louvre,2022011500,2051
2391,Louvre,2022011600,2360
2392,Louvre,2022011700,2340
2393,Louvre,2022011800,2419
2394,Louvre,2022011900,2358
2395,Louvre,2022012000,2321
2396,Louvre,2022012100,2112
2397,Louvre,2022012200,2005
2398,Louvre,2022012300,2317
2399,Louvre,2022012400,2407
2400,Louvre,2022012500,2351
2401,Louvre,2022012600,2340
2402,Louvre,2022012700,2249
2403,Louvre,2022012800,2083
2404,Louvre,2022012900,2077
2405,Louvre,2022013000,2323
2406,Louvre,2022013100,2198
2407,Louvre,2022020100,2249
2408,Louvre,2022020200,2277
2409,Louvre,2022020300,2326
2410,Louvre,2022020400,2130
2411,Louvre,2022020500,1991
2412,Louvre,2022020600,2301
2413,Louvre,2022020700,2570
2414,Louvre,2022020800,2299
2415,Louvre,2022020900,2277
2416,Louvre,2022021000,2264
2417,Louvre,2022021100,2061
2418,Louvre,2022021200,2001
2419,Louvre,2022021300,2442
2420,Louvre,2022021400,2347
2421,Louvre,2022021500,2350
2422,Louvre,2022021600,2402
2423,Louvre,2022021700,2268
2424,Louvre,2022021800,2182
2425,Louvre,2022021900,2039
2426,Louvre,2022022000,2708
2427,Louvre,2022022100,2735
2428,Louvre,2022022200,2481
2429,Louvre,2022022300,2542
2430,Louvre,2022022400,2295
2431,Louvre,2022022500,1890
2432,Louvre,2022022600,1815
2433,Louvre,2022022700,2030
2434,Louvre,2022022800,2095
2435,Louvre,2022030100,1913
2436,Louvre,2022030200,2182
2437,Louvre,2022030300,2933
2438,Louvre,2022030400,2070
2439,Louvre,2022030500,1591
2440,Louvre,2022030600,1979
2441,Louvre,2022030700,2078
2442,Louvre,2022030800,1971
2443,Louvre,2022030900,2053
2444,Louvre,2022031000,2038
2445,Louvre,2022031100,1941
2446,Louvre,2022031200,1855
2447,Louvre,2022031300,2086
2448,Louvre,2022031400,2190
2449,Louvre,2022031500,2163
2450,Louvre,2022031600,2431
2451,Louvre,2022031700,2506
2452,Louvre,2022031800,2038
2453,Louvre,2022031900,1816
2454,Louvre,2022032000,2185
2455,Louvre,2022032100,2437
2456,Louvre,2022032200,2199
2457,Louvre,2022032300,2422
2458,Louvre,2022032400,2359
2459,Louvre,2022032500,2076
2460,Louvre,2022032600,1926
2461,Louvre,2022032700,2318
2462,Louvre,2022032800,2372
2463,Louvre,2022032900,2124
2464,Louvre,2022033000,2278
2465,Louvre,2022033100,2351
2466,Louvre,2022040100,2218
2467,Louvre,2022040200,1993
2468,Louvre,2022040300,2174
2469,Louvre,2022040400,2468
2470,Louvre,2022040500,2323
2471,Louvre,2022040600,4010
2472,Louvre,2022040700,2689
2473,Louvre,2022040800,2440
2474,Louvre,2022040900,2164
2475,Louvre,2022041000,2386
2476,Louvre,2022041100,2507
2477,Louvre,2022041200,2302
2478,Louvre,2022041300,2356
2479,Louvre,2022041400,2093
2480,Louvre,2022041500,2117
2481,Louvre,2022041600,2153
2482,Louvre,2022041700,2438
2483,Louvre,2022041800,2500
2484,Louvre,2022041900,2409
2485,Louvre,2022042000,2500
2486,Louvre,2022042100,2356
2487,Louvre,2022042200,2235
2488,Louvre,2022042300,2114
2489,Louvre,2022042400,2361
2490,Louvre,2022042500,2489
2491,Louvre,2022042600,2445
2492,Louvre,2022042700,2420
2493,Louvre,2022042800,2355
2494,Louvre,2022042900,2073
2495,Louvre,2022043000,2088
2496,Louvre,2022050100,2182
2497,Louvre,2022050200,2597
2498,Louvre,2022050300,2477
2499,Louvre,2022050400,2458
2500,Louvre,2022050500,2405
2501,Louvre,2022050600,2151
2502,Louvre,2022050700,2219
2503,Louvre,2022050800,2273
2504,Louvre,2022050900,2437
2505,Louvre,2022051000,2401
2506,Louvre,2022051100,2513
2507,Louvre,2022051200,2344
2508,Louvre,2022051300,2267
2509,Louvre,2022051400,2055
2510,Louvre,2022051500,2443
2511,Louvre,2022051600,2673
2512,Louvre,2022051700,3432
2513,Louvre,2022051800,3060
2514,Louvre,2022051900,2846
2515,Louvre,2022052000,2783
2516,Louvre,2022052100,2203
2517,Louvre,2022052200,2552
2518,Louvre,2022052300,2868
2519,Louvre,2022052400,2406
2520,Louvre,2022052500,2503
2521,Louvre,2022052600,2587
2522,Louvre,2022052700,2368
2523,Louvre,2022052800,2231
2524,Louvre,2022052900,2530
2525,Louvre,2022053000,7460
2526,Louvre,2022053100,5667
2527,Louvre,2022060100,3395
2528,Louvre,2022060200,2861
2529,Louvre,2022060300,2971
2530,Louvre,2022060400,2638
2531,Louvre,2022060500,2745
2532,Louvre,2022060600,3139
2533,Louvre,2022060700,2470
2534,Louvre,2022060800,2506
2535,Louvre,2022060900,2216
2536,Louvre,2022061000,2244
2537,Louvre,2022061100,2185
2538,Louvre,2022061200,2360
2539,Louvre,2022061300,2500
2540,Louvre,2022061400,2210
2541,Louvre,2022061500,2285
2542,Louvre,2022061600,2282
2543,Louvre,2022061700,2093
2544,Louvre,2022061800,2123
2545,Louvre,2022061900,2284
2546,Louvre,2022062000,2349
2547,Louvre,2022062100,2196
2548,Louvre,2022062200,2157
2549,Louvre,2022062300,2066
2550,Louvre,2022062400,2063
2551,Louvre,2022062500,2172
2552,Louvre,2022062600,2159
2553,Louvre,2022062700,2214
2554,Louvre,2022062800,2009
2555,Louvre,2022062900,2163
2556,Louvre,2022063000,2121
2557,Louvre,2022070100,2336
2558,Louvre,2022070200,2056
2559,Louvre,2022070300,2297
2560,Louvre,2022070400,2317
2561,Louvre,2022070500,1994
2562,Louvre,2022070600,2235
2563,Louvre,2022070700,2158
2564,Louvre,2022070800,2171
2565,Louvre,2022070900,2051
2566,Louvre,2022071000,2249
2567,Louvre,2022071100,2403
2568,Louvre,2022071200,2219
2569,Louvre,2022071300,2083
2570,Louvre,2022071400,2135
2571,Louvre,2022071500,2238
2572,Louvre,2022071600,2164
2573,Louvre,2022071700,2227
2574,Louvre,2022071800,2232
2575,Louvre,2022071900,1931
2576,Louvre,2022072000,2068
2577,Louvre,2022072100,1995
2578,Louvre,2022072200,2119
2579,Louvre,2022072300,2230
2580,Louvre,2022072400,2782
2581,Louvre,2022072500,2455
2582,Louvre,2022072600,2056
2583,Louvre,2022072700,2329
2584,Louvre,2022072800,2059
2585,Louvre,2022072900,2052
2586,Louvre,2022073000,1826
2587,Louvre,2022073100,2214
2588,Louvre,2022080100,2176
2589,Louvre,2022080200,1979
2590,Louvre,2022080300,2008
2591,Louvre,2022080400,2023
2592,Louvre,2022080500,2013
2593,Louvre,2022080600,2207
2594,Louvre,2022080700,2267
2595,Louvre,2022080800,2126
2596,Louvre,2022080900,2084
2597,Louvre,2022081000,2963
2598,Louvre,2022081100,2212
2599,Louvre,2022081200,2136
2600,Louvre,2022081300,2234
2601,Louvre,2022081400,2315
2602,Louvre,2022081500,2288
2603,Louvre,2022081600,2184
2604,Louvre,2022081700,2300
2605,Louvre,2022081800,2194
2606,Louvre,2022081900,2267
2607,Louvre,2022082000,2190
2608,Louvre,2022082100,2471
2609,Louvre,2022082200,2393
2610,Louvre,2022082300,2160
2611,Louvre,2022082400,2216
2612,Louvre,2022082500,2454
2613,Louvre,2022082600,2258
2614,Louvre,2022082700,2092
2615,Louvre,2022082800,2447
2616,Louvre,2022082900,2560
2617,Louvre,2022083000,2124
2618,Louvre,2022083100,2287
2619,Louvre,2022090100,2159
2620,Louvre,2022090200,2433
2621,Louvre,2022090300,2335
2622,Louvre,2022090400,2553
2623,Louvre,2022090500,2370
2624,Louvre,2022090600,2426
2625,Louvre,2022090700,2403
2626,Louvre,2022090800,2403
2627,Louvre,2022090900,2339
2628,Louvre,2022091000,2306
2629,Louvre,2022091100,2628
2630,Louvre,2022091200,2575
2631,Louvre,2022091300,2414
2632,Louvre,2022091400,2531
2633,Louvre,2022091500,2312
2634,Louvre,2022091600,2399
2635,Louvre,2022091700,2311
2636,Louvre,2022091800,2472
2637,Louvre,2022091900,2790
2638,Louvre,2022092000,2552
2639,Louvre,2022092100,2466
2640,Louvre,2022092200,2445
2641,Louvre,2022092300,2462
2642,Louvre,2022092400,2334
2643,Louvre,2022092500,2571
2644,Louvre,2022092600,2562
2645,Louvre,2022092700,2438
2646,Louvre,2022092800,2478
2647,Louvre,2022092900,2434
2648,Louvre,2022093000,2213
2649,Louvre,2022100100,2102
2650,Louvre,2022100200,2332
2651,Louvre,2022100300,2542
2652,Louvre,2022100400,2220
2653,Louvre,2022100500,2515
2654,Louvre,2022100600,2475
2655,Louvre,2022100700,2178
2656,Louvre,2022100800,2199
2657,Louvre,2022100900,2442
2658,Louvre,2022101000,2511
2659,Louvre,2022101100,2383
2660,Louvre,2022101200,2565
2661,Louvre,2022101300,2552
2662,Louvre,2022101400,2512
2663,Louvre,2022101500,2453
2664,Louvre,2022101600,2609
2665,Louvre,2022101700,2602
2666,Louvre,2022101800,2429
2667,Louvre,2022101900,2517
2668,Louvre,2022102000,2438
2669,Louvre,2022102100,2402
2670,Louvre,2022102200,2335
2671,Louvre,2022102300,2587
2672,Louvre,2022102400,2583
2673,Louvre,2022102500,2422
2674,Louvre,2022102600,2472
2675,Louvre,2022102700,2499
2676,Louvre,2022102800,2327
2677,Louvre,2022102900,2143
2678,Louvre,2022103000,2448
2679,Louvre,2022103100,2379
2680,Louvre,2022110100,2301
2681,Louvre,2022110200,2441
2682,Louvre,2022110300,2324
2683,Louvre,2022110400,2327
2684,Louvre,2022110500,2204
2685,Louvre,2022110600,2410
2686,Louvre,2022110700,2534
2687,Louvre,2022110800,2543
2688,Louvre,2022110900,2447
2689,Louvre,2022111000,2314
2690,Louvre,2022111100,2251
2691,Louvre,2022111200,2253
2692,Louvre,2022111300,2369
2693,Louvre,2022111400,2835
2694,Louvre,2022111500,2498
2695,Louvre,2022111600,2437
2696,Louvre,2022111700,2395
2697,Louvre,2022111800,2358
2698,Louvre,2022111900,2133
2699,Louvre,2022112000,2595
2700,Louvre,2022112100,2429
2701,Louvre,2022112200,2317
2702,Louvre,2022112300,2172
2703,Louvre,2022112400,2265
2704,Louvre,2022112500,2305
2705,Louvre,2022112600,2311
2706,Louvre,2022112700,2465
2707,Louvre,2022112800,2397
2708,Louvre,2022112900,2261
2709,Louvre,2022113000,2304
2710,Louvre,2022120100,2413
2711,Louvre,2022120200,1917
2712,Louvre,2022120300,1849
2713,Louvre,2022120400,2260
2714,Louvre,2022120500,2498
2715,Louvre,2022120600,2255
2716,Louvre,2022120700,2061
2717,Louvre,2022120800,2129
2718,Louvre,2022120900,1908
2719,Louvre,2022121000,1930
2720,Louvre,2022121100,2120
2721,Louvre,2022121200,2619
2722,Louvre,2022121300,2128
2723,Louvre,2022121400,2213
2724,Louvre,2022121500,1960
2725,Louvre,2022121600,1827
2726,Louvre,2022121700,1715
2727,Louvre,2022121800,1911
2728,Louvre,2022121900,2095
2729,Louvre,2022122000,1906
2730,Louvre,2022122100,2020
2731,Louvre,2022122200,1808
2732,Louvre,2022122300,2077
2733,Louvre,2022122400,2520
2734,Louvre,2022122500,2737
2735,Louvre,2022122600,2998
2736,Louvre,2022122700,2998
2737,Louvre,2022122800,2907
2738,Louvre,2022122900,2924
2739,Louvre,2022123000,2552
2740,Louvre,2022123100,2475
2741,Louvre,2023010100,2464
2742,Louvre,2023010200,2861
2743,Louvre,2023010300,2408
2744,Louvre,2023010400,2419
2745,Louvre,2023010500,2495
2746,Louvre,2023010600,2479
2747,Louvre,2023010700,2498
2748,Louvre,2023010800,2491
2749,Louvre,2023010900,2691
2750,Louvre,2023011000,2333
2751,Louvre,2023011100,2509
2752,Louvre,2023011200,2364
2753,Louvre,2023011300,2219
2754,Louvre,2023011400,2205
2755,Louvre,2023011500,2402
2756,Louvre,2023011600,2548
2757,Louvre,2023011700,2334
2758,Louvre,2023011800,2400
2759,Louvre,2023011900,2310
2760,Louvre,2023012000,2264
2761,Louvre,2023012100,2147
2762,Louvre,2023012200,2307
2763,Louvre,2023012300,2205
2764,Louvre,2023012400,2090
2765,Louvre,2023012500,2231
2766,Louvre,2023012600,2181
2767,Louvre,2023012700,2113
2768,Louvre,2023012800,1951
2769,Louvre,2023012900,2365
2770,Louvre,2023013000,2265
2771,Louvre,2023013100,2106
2772,Louvre,2023020100,2273
2773,Louvre,2023020200,2347
2774,Louvre,2023020300,2104
2775,Louvre,2023020400,2124
2776,Louvre,2023020500,2490
2777,Louvre,2023020600,2362
2778,Louvre,2023020700,2815
2779,Louvre,2023020800,2442
2780,Louvre,2023020900,2411
2781,Louvre,2023021000,2197
2782,Louvre,2023021100,2044
2783,Louvre,2023021200,2519
2784,Louvre,2023021300,2313
2785,Louvre,2023021400,2242
2786,Louvre,2023021500,2379
2787,Louvre,2023021600,2445
2788,Louvre,2023021700,2213
2789,Louvre,2023021800,2196
2790,Louvre,2023021900,2523
2791,Louvre,2023022000,2512
2792,Louvre,2023022100,2329
2793,Louvre,2023022200,2391
2794,Louvre,2023022300,2277
2795,Louvre,2023022400,2200
2796,Louvre,2023022500,2299
2797,Louvre,2023022600,2436
2798,Louvre,2023022700,2453
2799,Louvre,2023022800,2301
2800,Louvre,2023030100,2368
2801,Louvre,2023030200,2337
2802,Louvre,2023030300,2347
2803,Louvre,2023030400,2251
2804,Louvre,2023030500,2427
2805,Louvre,2023030600,2637
2806,Louvre,2023030700,2505
2807,Louvre,2023030800,2452
2808,Louvre,2023030900,2497
2809,Louvre,2023031000,2275
2810,Louvre,2023031100,2303
2811,Louvre,2023031200,2649
2812,Louvre,2023031300,2550
2813,Louvre,2023031400,2472
2814,Louvre,2023031500,2674
2815,Louvre,2023031600,2497
2816,Louvre,2023031700,2292
2817,Louvre,2023031800,2174
2818,Louvre,2023031900,2670
2819,Louvre,2023032000,2734
2820,Louvre,2023032100,2670
2821,Louvre,2023032200,2753
2822,Louvre,2023032300,2526
2823,Louvre,2023032400,2381
2824,Louvre,2023032500,2430
2825,Louvre,2023032600,2615
2826,Louvre,2023032700,2958
2827,Louvre,2023032800,2748
2828,Louvre,2023032900,2666
2829,Louvre,2023033000,2670
2830,Louvre,2023033100,2413
2831,Louvre,2023040100,2287
2832,Louvre,2023040200,2626
2833,Louvre,2023040300,3329
2834,Louvre,2023040400,2680
2835,Louvre,2023040500,2569
2836,Louvre,2023040600,2383
2837,Louvre,2023040700,2472
2838,Louvre,2023040800,2649
2839,Louvre,2023040900,2469
2840,Louvre,2023041000,2732
2841,Louvre,2023041100,2384
2842,Louvre,2023041200,2358
2843,Louvre,2023041300,2294
2844,Louvre,2023041400,2178
2845,Louvre,2023041500,2324
2846,Louvre,2023041600,2868
2847,Louvre,2023041700,2797
2848,Louvre,2023041800,2871
2849,Louvre,2023041900,2435
2850,Louvre,2023042000,2675
2851,Louvre,2023042100,2489
2852,Louvre,2023042200,2332
2853,Louvre,2023042300,2612
2854,Louvre,2023042400,2744
2855,Louvre,2023042500,2579
2856,Louvre,2023042600,2714
2857,Louvre,2023042700,2498
2858,Louvre,2023042800,2398
2859,Louvre,2023042900,2212
2860,Louvre,2023043000,2329
2861,Louvre,2023050100,2587
2862,Louvre,2023050200,2854
2863,Louvre,2023050300,2762
2864,Louvre,2023050400,2667
2865,Louvre,2023050500,2481
2866,Louvre,2023050600,2279
2867,Louvre,2023050700,2607
2868,Louvre,2023050800,2870
2869,Louvre,2023050900,2446
2870,Louvre,2023051000,2705
2871,Louvre,2023051100,2679
2872,Louvre,2023051200,2513
2873,Louvre,2023051300,2166
2874,Louvre,2023051400,2617
2875,Louvre,2023051500,2763
2876,Louvre,2023051600,2741
2877,Louvre,2023051700,2743
2878,Louvre,2023051800,2986
2879,Louvre,2023051900,2582
2880,Louvre,2023052000,2195
2881,Louvre,2023052100,3572
2882,Louvre,2023052200,3015
2883,Louvre,2023052300,2482
2884,Louvre,2023052400,2723
2885,Louvre,2023052500,2604
2886,Louvre,2023052600,2464
2887,Louvre,2023052700,2524
2888,Louvre,2023052800,2784
2889,Louvre,2023052900,2681
2890,Louvre,2023053000,2408
2891,Louvre,2023053100,2814
2892,Louvre,2023060100,2551
2893,Louvre,2023060200,2449
2894,Louvre,2023060300,2300
2895,Louvre,2023060400,2630
2896,Louvre,2023060500,2630
2897,Louvre,2023060600,2458
2898,Louvre,2023060700,2591
2899,Louvre,2023060800,2687
2900,Louvre,2023060900,2489
2901,Louvre,2023061000,2389
2902,Louvre,2023061100,2685
2903,Louvre,2023061200,2727
2904,Louvre,2023061300,2478
2905,Louvre,2023061400,2587
2906,Louvre,2023061500,2437
2907,Louvre,2023061600,2465
2908,Louvre,2023061700,2469
2909,Louvre,2023061800,2537
2910,Louvre,2023061900,2599
2911,Louvre,2023062000,2224
2912,Louvre,2023062100,2600
2913,Louvre,2023062200,2474
2914,Louvre,2023062300,2446
2915,Louvre,2023062400,2266
2916,Louvre,2023062500,2560
2917,Louvre,2023062600,2517
2918,Louvre,2023062700,2100
2919,Louvre,2023062800,2313
2920,Louvre,2023062900,2633
2921,Louvre,2023063000,2436
2922,Louvre,2023070100,2437
2923,Louvre,2023070200,2824
2924,Louvre,2023070300,2677
2925,Louvre,2023070400,2340
2926,Louvre,2023070500,2523
2927,Louvre,2023070600,2376
2928,Louvre,2023070700,2157
2929,Louvre,2023070800,2226
2930,Louvre,2023070900,2409
2931,Louvre,2023071000,2579
2932,Louvre,2023071100,2499
2933,Louvre,2023071200,2407
2934,Louvre,2023071300,2488
2935,Louvre,2023071400,2313
2936,Louvre,2023071500,2277
2937,Louvre,2023071600,2466
2938,Louvre,2023071700,2385
2939,Louvre,2023071800,2052
2940,Louvre,2023071900,2125
2941,Louvre,2023072000,2146
2942,Louvre,2023072100,2399
2943,Louvre,2023072200,2250
2944,Louvre,2023072300,2497
2945,Louvre,2023072400,2498
2946,Louvre,2023072500,2319
2947,Louvre,2023072600,2524
2948,Louvre,2023072700,2432
2949,Louvre,2023072800,2081
2950,Louvre,2023072900,2210
2951,Louvre,2023073000,2443
2952,Louvre,2023073100,2354
2953,Louvre,2023080100,2076
2954,Louvre,2023080200,2117
2955,Louvre,2023080300,2229
2956,Louvre,2023080400,2328
2957,Louvre,2023080500,2332
2958,Louvre,2023080600,2468
2959,Louvre,2023080700,2422
2960,Louvre,2023080800,2362
2961,Louvre,2023080900,2511
2962,Louvre,2023081000,15639
2963,Louvre,2023081100,2617
2964,Louvre,2023081200,2331
2965,Louvre,2023081300,2540
2966,Louvre,2023081400,3347
2967,Louvre,2023081500,2181
2968,Louvre,2023081600,2197
2969,Louvre,2023081700,2208
2970,Louvre,2023081800,2257
2971,Louvre,2023081900,2087
2972,Louvre,2023082000,3401
2973,Louvre,2023082100,6431
2974,Louvre,2023082200,2441
2975,Louvre,2023082300,2230
2976,Louvre,2023082400,2294
2977,Louvre,2023082500,2154
2978,Louvre,2023082600,2198
2979,Louvre,2023082700,2440
2980,Louvre,2023082800,2584
2981,Louvre,2023082900,2065
2982,Louvre,2023083000,2343
2983,Louvre,2023083100,2137
2984,Louvre,2023090100,2053
2985,Louvre,2023090200,2045
2986,Louvre,2023090300,2212
2987,Louvre,2023090400,2299
2988,Louvre,2023090500,2285
2989,Louvre,2023090600,2580
2990,Louvre,2023090700,2496
2991,Louvre,2023090800,2306
2992,Louvre,2023090900,2226
2993,Louvre,2023091000,2417
2994,Louvre,2023091100,2464
2995,Louvre,2023091200,2217
2996,Louvre,2023091300,2818
2997,Louvre,2023091400,2434
2998,Louvre,2023091500,2275
2999,Louvre,2023091600,2194
3000,Louvre,2023091700,2360
3001,Louvre,2023091800,2490
3002,Louvre,2023091900,2275
3003,Louvre,2023092000,2331
3004,Louvre,2023092100,2533
3005,Louvre,2023092200,2366
3006,Louvre,2023092300,2305
3007,Louvre,2023092400,2599
3008,Louvre,2023092500,2560
3009,Louvre,2023092600,2251
3010,Louvre,2023092700,2394
3011,Louvre,2023092800,2283
3012,Louvre,2023092900,2386
3013,Louvre,2023093000,2096
3014,Louvre,2023100100,2219
3015,Louvre,2023100200,2442
3016,Louvre,2023100300,2273
3017,Louvre,2023100400,2405
3018,Louvre,2023100500,2393
3019,Louvre,2023100600,2367
3020,Louvre,2023100700,2115
3021,Louvre,2023100800,2259
3022,Louvre,2023100900,2393
3023,Louvre,2023101000,2283
3024,Louvre,2023101100,2668
3025,Louvre,2023101200,2609
3026,Louvre,2023101300,2361
3027,Louvre,2023101400,3416
3028,Louvre,2023101500,2920
3029,Louvre,2023101600,2842
3030,Louvre,2023101700,2433
3031,Louvre,2023101800,2659
3032,Louvre,2023101900,2533
3033,Louvre,2023102000,2293
3034,Louvre,2023102100,2280
3035,Louvre,2023102200,2218
3036,Louvre,2023102300,2344
3037,Louvre,2023102400,2147
3038,Louvre,2023102500,2366
3039,Louvre,2023102600,2234
3040,Louvre,2023102700,2182
3041,Louvre,2023102800,2025
3042,Louvre,2023102900,1978
3043,Louvre,2023103000,2122
3044,Louvre,2023103100,2560
3045,Louvre,2023110100,2333
3046,Louvre,2023110200,2253
3047,Louvre,2023110300,2138
3048,Louvre,2023110400,2107
3049,Louvre,2023110500,2460
3050,Louvre,2023110600,2358
3051,Louvre,2023110700,2269
3052,Louvre,2023110800,2387
3053,Louvre,2023110900,2149
3054,Louvre,2023111000,2826
3055,Louvre,2023111100,2228
3056,Louvre,2023111200,2340
3057,Louvre,2023111300,2345
3058,Louvre,2023111400,2316
3059,Louvre,2023111500,2229
3060,Louvre,2023111600,2507
3061,Louvre,2023111700,2190
3062,Louvre,2023111800,2088
3063,Louvre,2023111900,2453
3064,Louvre,2023112000,2636
3065,Louvre,2023112100,3547
3066,Louvre,2023112200,2666
3067,Louvre,2023112300,2479
3068,Louvre,2023112400,2504
3069,Louvre,2023112500,2213
3070,Louvre,2023112600,2507
3071,Louvre,2023112700,2549
3072,Louvre,2023112800,2456
3073,Louvre,2023112900,2504
3074,Louvre,2023113000,2292
3075,Louvre,2023120100,2062
3076,Louvre,2023120200,2251
3077,Louvre,2023120300,2201
3078,Louvre,2023120400,2346
3079,Louvre,2023120500,2537
3080,Louvre,2023120600,2235
3081,Louvre,2023120700,2102
3082,Louvre,2023120800,1935
3083,Louvre,2023120900,1814
3084,Louvre,2023121000,2191
3085,Louvre,2023121100,2385
3086,Louvre,2023121200,2376
3087,Louvre,2023121300,2443
3088,Louvre,2023121400,2147
3089,Louvre,2023121500,1926
3090,Louvre,2023121600,1786
3091,Louvre,2023121700,1922
3092,Louvre,2023121800,2276
3093,Louvre,2023121900,1832
3094,Louvre,2023122000,1933
3095,Louvre,2023122100,1778
3096,Louvre,2023122200,1695
3097,Louvre,2023122300,1612
3098,Louvre,2023122400,1841
3099,Louvre,2023122500,1631
3100,Louvre,2023122600,1766
3101,Louvre,2023122700,2043
3102,Louvre,2023122800,2142
3103,Louvre,2023122900,2076
3104,Louvre,2023123000,2036
3105,Louvre,2023123100,1825
3106,Louvre,2024010100,1782
3107,Louvre,2024010200,2014
3108,Louvre,2024010300,2132
3109,Louvre,2024010400,2170
3110,Louvre,2024010500,2093
3111,Louvre,2024010600,1978
3112,Louvre,2024010700,2270
3113,Louvre,2024010800,2251
3114,Louvre,2024010900,2246
3115,Louvre,2024011000,2581
3116,Louvre,2024011100,2595
3117,Louvre,2024011200,2147
3118,Louvre,2024011300,2283
3119,Louvre,2024011400,2607
3120,Louvre,2024011500,3093
3121,Louvre,2024011600,3207
3122,Louvre,2024011700,2916
3123,Louvre,2024011800,2757
3124,Louvre,2024011900,3577
3125,Louvre,2024012000,2476
3126,Louvre,2024012100,2764
3127,Louvre,2024012200,2691
3128,Louvre,2024012300,2493
3129,Louvre,2024012400,2542
3130,Louvre,2024012500,2520
3131,Louvre,2024012600,2452
3132,Louvre,2024012700,2153
3133,Louvre,2024012800,4725
3134,Louvre,2024012900,4017
3135,Louvre,2024013000,3013
3136,Louvre,2024013100,2699
